split,source,group,duplicate_cluster,source_image,output_image,waldo_boxes
train,HereIsWally,page:1,page:1,data/raw/HereIsWally/images/1.jpg,train/images/HereIsWally_0000.jpg,1
test,HereIsWally,page:10,page:10,data/raw/HereIsWally/images/10.jpg,test/images/HereIsWally_0000.jpg,1
test,HereIsWally,page:10,page:10,data/raw/HereIsWally/images/10.jpg,test/images/HereIsWally_0001.jpg,1
val,HereIsWally,page:11,page:11,data/raw/HereIsWally/images/11.jpg,val/images/HereIsWally_0000.jpg,1
train,HereIsWally,page:12,page:12,data/raw/HereIsWally/images/12.jpg,train/images/HereIsWally_0001.jpg,1
train,HereIsWally,page:13,page:13,data/raw/HereIsWally/images/13.jpg,train/images/HereIsWally_0002.jpg,1
val,HereIsWally,page:14,page:14,data/raw/HereIsWally/images/14.jpg,val/images/HereIsWally_0001.jpg,1
test,HereIsWally,page:15,page:15,data/raw/HereIsWally/images/15.jpg,test/images/HereIsWally_0002.jpg,1
test,HereIsWally,page:16,page:16,data/raw/HereIsWally/images/16.jpg,test/images/HereIsWally_0003.jpg,1
test,HereIsWally,page:17,page:17,data/raw/HereIsWally/images/17.jpg,test/images/HereIsWally_0004.jpg,1
train,HereIsWally,page:18,page:18,data/raw/HereIsWally/images/18.jpg,train/images/HereIsWally_0003.jpg,1
train,HereIsWally,page:19,page:19,data/raw/HereIsWally/images/19.jpg,train/images/HereIsWally_0004.jpg,1
train,HereIsWally,page:2,page:2,data/raw/HereIsWally/images/2.jpg,train/images/HereIsWally_0005.jpg,1
train,HereIsWally,page:20,page:20,data/raw/HereIsWally/images/20.jpg,train/images/HereIsWally_0006.jpg,1
train,HereIsWally,page:21,page:21,data/raw/HereIsWally/images/21.jpg,train/images/HereIsWally_0007.jpg,1
test,HereIsWally,page:22,page:22,data/raw/HereIsWally/images/22.jpg,test/images/HereIsWally_0005.jpg,1
test,HereIsWally,page:23,page:23,data/raw/HereIsWally/images/23.jpg,test/images/HereIsWally_0006.jpg,1
train,HereIsWally,page:24,page:24,data/raw/HereIsWally/images/24.jpg,train/images/HereIsWally_0008.jpg,1
test,HereIsWally,page:25,page:25,data/raw/HereIsWally/images/25.jpg,test/images/HereIsWally_0007.jpg,1
train,HereIsWally,page:26,page:26,data/raw/HereIsWally/images/26.jpg,train/images/HereIsWally_0009.jpg,1
train,HereIsWally,page:27,page:27,data/raw/HereIsWally/images/27.jpg,train/images/HereIsWally_0010.jpg,1
train,HereIsWally,page:28,page:28,data/raw/HereIsWally/images/28.jpg,train/images/HereIsWally_0011.jpg,1
train,HereIsWally,page:29,page:29,data/raw/HereIsWally/images/29.jpg,train/images/HereIsWally_0012.jpg,1
train,HereIsWally,page:3,page:3,data/raw/HereIsWally/images/3.jpg,train/images/HereIsWally_0013.jpg,1
train,HereIsWally,page:30,page:30,data/raw/HereIsWally/images/30.jpg,train/images/HereIsWally_0014.jpg,1
train,HereIsWally,page:31,page:31,data/raw/HereIsWally/images/31.jpg,train/images/HereIsWally_0015.jpg,1
train,HereIsWally,page:32,page:32,data/raw/HereIsWally/images/32.jpg,train/images/HereIsWally_0016.jpg,1
train,HereIsWally,page:33,page:33,data/raw/HereIsWally/images/33.jpg,train/images/HereIsWally_0017.jpg,1
val,HereIsWally,page:34,page:34,data/raw/HereIsWally/images/34.jpg,val/images/HereIsWally_0002.jpg,1
train,HereIsWally,page:35,page:35,data/raw/HereIsWally/images/35.jpg,train/images/HereIsWally_0018.jpg,1
train,HereIsWally,page:36,page:36,data/raw/HereIsWally/images/36.jpg,train/images/HereIsWally_0019.jpg,1
train,HereIsWally,page:36,page:36,data/raw/HereIsWally/images/36.jpg,train/images/HereIsWally_0020.jpg,1
train,HereIsWally,page:36,page:36,data/raw/HereIsWally/images/36.jpg,train/images/HereIsWally_0021.jpg,1
train,HereIsWally,page:36,page:36,data/raw/HereIsWally/images/36.jpg,train/images/HereIsWally_0022.jpg,1
train,HereIsWally,page:36,page:36,data/raw/HereIsWally/images/36.jpg,train/images/HereIsWally_0023.jpg,1
train,HereIsWally,page:36,page:36,data/raw/HereIsWally/images/36.jpg,train/images/HereIsWally_0024.jpg,1
train,HereIsWally,page:4,page:4,data/raw/HereIsWally/images/4.jpg,train/images/HereIsWally_0025.jpg,1
train,HereIsWally,page:5,page:2,data/raw/HereIsWally/images/5.jpg,train/images/HereIsWally_0026.jpg,1
train,HereIsWally,page:6,page:3,data/raw/HereIsWally/images/6.jpg,train/images/HereIsWally_0027.jpg,1
train,HereIsWally,page:7,page:7,data/raw/HereIsWally/images/7.jpg,train/images/HereIsWally_0028.jpg,1
val,HereIsWally,page:8,page:8,data/raw/HereIsWally/images/8.jpg,val/images/HereIsWally_0003.jpg,1
val,HereIsWally,page:8,page:8,data/raw/HereIsWally/images/8.jpg,val/images/HereIsWally_0004.jpg,1
val,HereIsWally,page:9,page:9,data/raw/HereIsWally/images/9.jpg,val/images/HereIsWally_0005.jpg,1
test,Wally-Finder-v5,page:0,page:0,data/roboflow/wally-finder-v5/train/images/00_jpeg.rf.96eebd6f2964ff8f72ee5ebee8409f49.jpg,test/images/Wally-Finder-v5_0000.jpg,0
test,Wally-Finder-v5,page:0,page:0,data/roboflow/wally-finder-v5/train/images/00_jpeg.rf.c63c86fc871234f5afe3a07fb7eff961.jpg,test/images/Wally-Finder-v5_0001.jpg,0
test,Wally-Finder-v5,page:0,page:0,data/roboflow/wally-finder-v5/train/images/00_jpg.rf.19ab7976cd4bfcdc79ba7b3f69098645.jpg,test/images/Wally-Finder-v5_0002.jpg,0
test,Wally-Finder-v5,page:0,page:0,data/roboflow/wally-finder-v5/train/images/00_jpg.rf.3efda0d40b0d8735003466d5c61bf679.jpg,test/images/Wally-Finder-v5_0003.jpg,0
test,Wally-Finder-v5,page:0,page:0,data/roboflow/wally-finder-v5/train/images/00_jpg.rf.3f74c06b3b5dc7be781633dcd19acdef.jpg,test/images/Wally-Finder-v5_0004.jpg,0
test,Wally-Finder-v5,page:0,page:0,data/roboflow/wally-finder-v5/train/images/00_jpg.rf.8a9b34d8d7d64f5acc02cefbfc5e1786.jpg,test/images/Wally-Finder-v5_0005.jpg,0
test,Wally-Finder-v5,page:0,page:0,data/roboflow/wally-finder-v5/train/images/00_jpg.rf.96d87b89fe47907e3405eee68d8e6c1e.jpg,test/images/Wally-Finder-v5_0006.jpg,0
train,Wally-Finder-v5,page:1,page:1,data/roboflow/wally-finder-v5/train/images/01_jpeg.rf.259266c37a01b4ef54cdcff8acaaade9.jpg,train/images/Wally-Finder-v5_0000.jpg,0
train,Wally-Finder-v5,page:1,page:1,data/roboflow/wally-finder-v5/train/images/01_jpeg.rf.64c60c6c35833c417f4caf1c0369c1b7.jpg,train/images/Wally-Finder-v5_0001.jpg,0
train,Wally-Finder-v5,page:1,page:1,data/roboflow/wally-finder-v5/train/images/01_jpg.rf.6e3def69da9b31c9cf871a579c7ea655.jpg,train/images/Wally-Finder-v5_0002.jpg,0
train,Wally-Finder-v5,page:1,page:1,data/roboflow/wally-finder-v5/train/images/01_jpg.rf.b9c9a271b2badb24f8a2f7aeaa7708f5.jpg,train/images/Wally-Finder-v5_0003.jpg,0
train,Wally-Finder-v5,page:1,page:1,data/roboflow/wally-finder-v5/train/images/01_jpg.rf.ebf2d407f451f2690b547e8182ecb9f5.jpg,train/images/Wally-Finder-v5_0004.jpg,0
train,Wally-Finder-v5,page:2,page:2,data/roboflow/wally-finder-v5/train/images/02_jpg.rf.3d61ace6249f719fa8e3c1ec8db66466.jpg,train/images/Wally-Finder-v5_0005.jpg,0
train,Wally-Finder-v5,page:2,page:2,data/roboflow/wally-finder-v5/train/images/02_jpg.rf.5e7ae178dacec2c40164bd3682deef4e.jpg,train/images/Wally-Finder-v5_0006.jpg,0
train,Wally-Finder-v5,page:2,page:2,data/roboflow/wally-finder-v5/train/images/02_jpg.rf.7e783e1ed779db1c32e16c0a22e0614e.jpg,train/images/Wally-Finder-v5_0007.jpg,0
train,Wally-Finder-v5,page:2,page:2,data/roboflow/wally-finder-v5/train/images/02_jpg.rf.b421d010b3b81c997efff213685d9247.jpg,train/images/Wally-Finder-v5_0008.jpg,0
train,Wally-Finder-v5,page:2,page:2,data/roboflow/wally-finder-v5/train/images/02_jpg.rf.c0e7442d881e911e61d2cf62d306fa5d.jpg,train/images/Wally-Finder-v5_0009.jpg,0
train,Wally-Finder-v5,page:2,page:2,data/roboflow/wally-finder-v5/train/images/02_jpg.rf.e801da1b1de75380f893f75d8c5870db.jpg,train/images/Wally-Finder-v5_0010.jpg,0
train,Wally-Finder-v5,page:2,page:2,data/roboflow/wally-finder-v5/train/images/02_jpg.rf.ef57d8cfba8bd8d35636d0f1e9c743bd.jpg,train/images/Wally-Finder-v5_0011.jpg,0
train,Wally-Finder-v5,page:2,page:2,data/roboflow/wally-finder-v5/train/images/02_jpg.rf.f08ab46de16d5d67cc4e74fb0a723efc.jpg,train/images/Wally-Finder-v5_0012.jpg,0
train,Wally-Finder-v5,page:3,page:3,data/roboflow/wally-finder-v5/train/images/03_jpeg.rf.256f82f02ab0c9ca33017725a8858f19.jpg,train/images/Wally-Finder-v5_0013.jpg,0
train,Wally-Finder-v5,page:3,page:3,data/roboflow/wally-finder-v5/train/images/03_jpeg.rf.309b462d5f6aada2798907e578d8fd28.jpg,train/images/Wally-Finder-v5_0014.jpg,0
train,Wally-Finder-v5,page:3,page:3,data/roboflow/wally-finder-v5/train/images/03_jpg.rf.2a691392b05ff95075f72b77d43f6d39.jpg,train/images/Wally-Finder-v5_0015.jpg,0
train,Wally-Finder-v5,page:3,page:3,data/roboflow/wally-finder-v5/train/images/03_jpg.rf.3eda1ccd394fd236cb9546e7730db48c.jpg,train/images/Wally-Finder-v5_0016.jpg,0
train,Wally-Finder-v5,page:3,page:3,data/roboflow/wally-finder-v5/train/images/03_jpg.rf.5d336e1293dcf474d1e29886f12f2c47.jpg,train/images/Wally-Finder-v5_0017.jpg,0
train,Wally-Finder-v5,page:3,page:3,data/roboflow/wally-finder-v5/train/images/03_jpg.rf.96e4ada328c95131fa32ef191ae3c2ad.jpg,train/images/Wally-Finder-v5_0018.jpg,0
train,Wally-Finder-v5,page:3,page:3,data/roboflow/wally-finder-v5/train/images/03_jpg.rf.a261800d6fd7aa1ecd36f256f5951b96.jpg,train/images/Wally-Finder-v5_0019.jpg,0
test,Wally-Finder-v5,page:10,page:10,data/roboflow/wally-finder-v5/train/images/10_jpeg.rf.f0a29215c6da15f55c7ad1c7de35c7b2.jpg,test/images/Wally-Finder-v5_0007.jpg,0
test,Wally-Finder-v5,page:10,page:10,data/roboflow/wally-finder-v5/train/images/10_jpeg.rf.f98db8044a92d59adafc990c85395c2a.jpg,test/images/Wally-Finder-v5_0008.jpg,0
test,Wally-Finder-v5,page:10,page:10,data/roboflow/wally-finder-v5/train/images/10_jpg.rf.016e2d6c5dc7ddc4b6a6ac1d7f9c8dac.jpg,test/images/Wally-Finder-v5_0009.jpg,0
test,Wally-Finder-v5,page:10,page:10,data/roboflow/wally-finder-v5/train/images/10_jpg.rf.1cd60f35697d840e279c654ffe766f9c.jpg,test/images/Wally-Finder-v5_0010.jpg,0
test,Wally-Finder-v5,page:10,page:10,data/roboflow/wally-finder-v5/train/images/10_jpg.rf.901aa712ce1665bd06f7785d3cea4ba8.jpg,test/images/Wally-Finder-v5_0011.jpg,0
val,Wally-Finder-v5,page:11,page:11,data/roboflow/wally-finder-v5/train/images/11_jpeg.rf.60962d962d71b896a455969f283abc39.jpg,val/images/Wally-Finder-v5_0000.jpg,0
val,Wally-Finder-v5,page:11,page:11,data/roboflow/wally-finder-v5/train/images/11_jpg.rf.0cc16aec5a1a91582bf6cd121fcf431e.jpg,val/images/Wally-Finder-v5_0001.jpg,0
val,Wally-Finder-v5,page:11,page:11,data/roboflow/wally-finder-v5/train/images/11_jpg.rf.58bcb6844d4ca27e914c789425d22aff.jpg,val/images/Wally-Finder-v5_0002.jpg,0
val,Wally-Finder-v5,page:11,page:11,data/roboflow/wally-finder-v5/train/images/11_jpg.rf.7b90a88a1d03888014f8e3b854b86b5b.jpg,val/images/Wally-Finder-v5_0003.jpg,0
val,Wally-Finder-v5,page:11,page:11,data/roboflow/wally-finder-v5/train/images/11_jpg.rf.87a1e9f2281d8cbfc68dc6e23daaa7c7.jpg,val/images/Wally-Finder-v5_0004.jpg,0
val,Wally-Finder-v5,page:11,page:11,data/roboflow/wally-finder-v5/train/images/11_jpg.rf.90336bcf843fde7f713d2a45b7d38e7c.jpg,val/images/Wally-Finder-v5_0005.jpg,0
val,Wally-Finder-v5,page:11,page:11,data/roboflow/wally-finder-v5/train/images/11_jpg.rf.b24483d870a8df96fd5f7a0f44cea6ca.jpg,val/images/Wally-Finder-v5_0006.jpg,0
train,Wally-Finder-v5,page:12,page:12,data/roboflow/wally-finder-v5/train/images/12_jpeg.rf.a4d46baa2b25703ac7f7df42087e695a.jpg,train/images/Wally-Finder-v5_0020.jpg,0
train,Wally-Finder-v5,page:12,page:12,data/roboflow/wally-finder-v5/train/images/12_jpeg.rf.c18a71f2a29a0f749e65cac4ba8a4686.jpg,train/images/Wally-Finder-v5_0021.jpg,0
train,Wally-Finder-v5,page:12,page:12,data/roboflow/wally-finder-v5/train/images/12_jpg.rf.0302e5b42c34ec1bb2fbbda8a4df874e.jpg,train/images/Wally-Finder-v5_0022.jpg,0
train,Wally-Finder-v5,page:12,page:12,data/roboflow/wally-finder-v5/train/images/12_jpg.rf.1581a550c8487e516e2003f1a1fdae18.jpg,train/images/Wally-Finder-v5_0023.jpg,0
train,Wally-Finder-v5,page:12,page:12,data/roboflow/wally-finder-v5/train/images/12_jpg.rf.df1bd89961d637bd396c418713e4b07f.jpg,train/images/Wally-Finder-v5_0024.jpg,0
train,Wally-Finder-v5,page:12,page:12,data/roboflow/wally-finder-v5/train/images/12_jpg.rf.f76716ca86f5f62b071a47cd9d7b729b.jpg,train/images/Wally-Finder-v5_0025.jpg,0
train,Wally-Finder-v5,page:13,page:13,data/roboflow/wally-finder-v5/train/images/13_jpeg.rf.80a85a886888763509ffc622dc8b825c.jpg,train/images/Wally-Finder-v5_0026.jpg,1
train,Wally-Finder-v5,page:13,page:13,data/roboflow/wally-finder-v5/train/images/13_jpeg.rf.ed372916f7d8ef3d1bd702750ab461d3.jpg,train/images/Wally-Finder-v5_0027.jpg,1
train,Wally-Finder-v5,page:13,page:13,data/roboflow/wally-finder-v5/train/images/13_jpg.rf.2d56f9e05d7b6ac7d2d65bd10c3788e5.jpg,train/images/Wally-Finder-v5_0028.jpg,0
train,Wally-Finder-v5,page:13,page:13,data/roboflow/wally-finder-v5/train/images/13_jpg.rf.5753173c0594128a6a7fc51f42a63453.jpg,train/images/Wally-Finder-v5_0029.jpg,0
train,Wally-Finder-v5,page:13,page:13,data/roboflow/wally-finder-v5/train/images/13_jpg.rf.647c9fc6c280c2e9b1b2a944f06f7e49.jpg,train/images/Wally-Finder-v5_0030.jpg,0
train,Wally-Finder-v5,page:13,page:13,data/roboflow/wally-finder-v5/train/images/13_jpg.rf.92a7aaf11071a8413dfafb297b4d6217.jpg,train/images/Wally-Finder-v5_0031.jpg,0
train,Wally-Finder-v5,page:13,page:13,data/roboflow/wally-finder-v5/train/images/13_jpg.rf.be34f91e69e1d0675357e893c2f7d8f0.jpg,train/images/Wally-Finder-v5_0032.jpg,0
train,Wally-Finder-v5,page:13,page:13,data/roboflow/wally-finder-v5/train/images/13_jpg.rf.d32a8f985dda42d5329a12aac54e9678.jpg,train/images/Wally-Finder-v5_0033.jpg,0
train,Wally-Finder-v5,page:20,page:20,data/roboflow/wally-finder-v5/train/images/20_jpg.rf.4b8a613e6b8d9fc0b55421f3093c6e60.jpg,train/images/Wally-Finder-v5_0034.jpg,0
train,Wally-Finder-v5,page:20,page:20,data/roboflow/wally-finder-v5/train/images/20_jpg.rf.66b251ef73f8200232d12ac3c3ed97be.jpg,train/images/Wally-Finder-v5_0035.jpg,0
train,Wally-Finder-v5,page:20,page:20,data/roboflow/wally-finder-v5/train/images/20_jpg.rf.72ef46b4418707ad89b8dbe591e7ff5f.jpg,train/images/Wally-Finder-v5_0036.jpg,0
train,Wally-Finder-v5,page:20,page:20,data/roboflow/wally-finder-v5/train/images/20_jpg.rf.7bf6a3a1a6492d4c7460638f17f02925.jpg,train/images/Wally-Finder-v5_0037.jpg,0
train,Wally-Finder-v5,page:20,page:20,data/roboflow/wally-finder-v5/train/images/20_jpg.rf.8379979bc6388ed09a10b83aba600a14.jpg,train/images/Wally-Finder-v5_0038.jpg,0
train,Wally-Finder-v5,page:20,page:20,data/roboflow/wally-finder-v5/train/images/20_jpg.rf.a74fb56bca49f6f96bd7d5d8d80cf27a.jpg,train/images/Wally-Finder-v5_0039.jpg,0
train,Wally-Finder-v5,page:21,page:21,data/roboflow/wally-finder-v5/train/images/21_jpeg.rf.9b4e3aabba8dfaf01db7188183bfb248.jpg,train/images/Wally-Finder-v5_0040.jpg,0
train,Wally-Finder-v5,page:21,page:21,data/roboflow/wally-finder-v5/train/images/21_jpg.rf.04d73c019e1846bad0284e827893a637.jpg,train/images/Wally-Finder-v5_0041.jpg,0
train,Wally-Finder-v5,page:21,page:21,data/roboflow/wally-finder-v5/train/images/21_jpg.rf.46ebd6d49fa6e83ac7958001b711b7ac.jpg,train/images/Wally-Finder-v5_0042.jpg,0
train,Wally-Finder-v5,page:21,page:21,data/roboflow/wally-finder-v5/train/images/21_jpg.rf.90496c89f1649b9a859de5c447366d39.jpg,train/images/Wally-Finder-v5_0043.jpg,0
train,Wally-Finder-v5,page:21,page:21,data/roboflow/wally-finder-v5/train/images/21_jpg.rf.bf12a5e65e715f51fee1cca70c416061.jpg,train/images/Wally-Finder-v5_0044.jpg,0
train,Wally-Finder-v5,page:21,page:21,data/roboflow/wally-finder-v5/train/images/21_jpg.rf.cd9f4dfea0af3d6611befb09d3b0d125.jpg,train/images/Wally-Finder-v5_0045.jpg,0
train,Wally-Finder-v5,page:21,page:21,data/roboflow/wally-finder-v5/train/images/21_jpg.rf.ee009e509d728fe01bc77fb177ffef7b.jpg,train/images/Wally-Finder-v5_0046.jpg,0
test,Wally-Finder-v5,page:22,page:22,data/roboflow/wally-finder-v5/train/images/22_jpg.rf.038b5eab3ddecba89a7ee039a26cee29.jpg,test/images/Wally-Finder-v5_0012.jpg,0
test,Wally-Finder-v5,page:22,page:22,data/roboflow/wally-finder-v5/train/images/22_jpg.rf.3471c5db0b6e092b6488badb939cf7ca.jpg,test/images/Wally-Finder-v5_0013.jpg,0
test,Wally-Finder-v5,page:22,page:22,data/roboflow/wally-finder-v5/train/images/22_jpg.rf.375d212b386b572ccd0ff756b75d48a6.jpg,test/images/Wally-Finder-v5_0014.jpg,0
test,Wally-Finder-v5,page:22,page:22,data/roboflow/wally-finder-v5/train/images/22_jpg.rf.6a2664b2d6d3c2a567733fa0f8da0e6f.jpg,test/images/Wally-Finder-v5_0015.jpg,0
test,Wally-Finder-v5,page:22,page:22,data/roboflow/wally-finder-v5/train/images/22_jpg.rf.724b4f3645b260690d2ae70858a164f5.jpg,test/images/Wally-Finder-v5_0016.jpg,0
test,Wally-Finder-v5,page:22,page:22,data/roboflow/wally-finder-v5/train/images/22_jpg.rf.c9593d69c7bd38f5f5932797efad5be4.jpg,test/images/Wally-Finder-v5_0017.jpg,0
test,Wally-Finder-v5,page:22,page:22,data/roboflow/wally-finder-v5/train/images/22_jpg.rf.fd31c007051221372fb28277e923c048.jpg,test/images/Wally-Finder-v5_0018.jpg,0
test,Wally-Finder-v5,page:23,page:23,data/roboflow/wally-finder-v5/train/images/23_jpeg.rf.07ed583ef924099d578ba7bfc540f697.jpg,test/images/Wally-Finder-v5_0019.jpg,0
test,Wally-Finder-v5,page:23,page:23,data/roboflow/wally-finder-v5/train/images/23_jpeg.rf.4c60a8a407be3d56a7a3c4dc9382b876.jpg,test/images/Wally-Finder-v5_0020.jpg,0
test,Wally-Finder-v5,page:23,page:23,data/roboflow/wally-finder-v5/train/images/23_jpg.rf.37856def3225edd9571eb0927701710b.jpg,test/images/Wally-Finder-v5_0021.jpg,0
test,Wally-Finder-v5,page:23,page:23,data/roboflow/wally-finder-v5/train/images/23_jpg.rf.422b8d0e477cea60eee130f70a0e1998.jpg,test/images/Wally-Finder-v5_0022.jpg,0
test,Wally-Finder-v5,page:23,page:23,data/roboflow/wally-finder-v5/train/images/23_jpg.rf.78cf53a01d27e4d8e92a0a2146e93281.jpg,test/images/Wally-Finder-v5_0023.jpg,0
test,Wally-Finder-v5,page:23,page:23,data/roboflow/wally-finder-v5/train/images/23_jpg.rf.8d7763357e36881e70f8f6eb2190bda3.jpg,test/images/Wally-Finder-v5_0024.jpg,0
test,Wally-Finder-v5,page:23,page:23,data/roboflow/wally-finder-v5/train/images/23_jpg.rf.9587d19e788bcfd4e34dadfef746b116.jpg,test/images/Wally-Finder-v5_0025.jpg,0
test,Wally-Finder-v5,page:23,page:23,data/roboflow/wally-finder-v5/train/images/23_jpg.rf.f8fb483d4fc35f9d9208717cdd23d72f.jpg,test/images/Wally-Finder-v5_0026.jpg,0
train,Wally-Finder-v5,page:30,page:30,data/roboflow/wally-finder-v5/train/images/30_jpeg.rf.21bcb2f0eb7700b52cf485008392f30a.jpg,train/images/Wally-Finder-v5_0047.jpg,0
train,Wally-Finder-v5,page:30,page:30,data/roboflow/wally-finder-v5/train/images/30_jpeg.rf.54aecd0fc3d99d3d952a096554e7bebe.jpg,train/images/Wally-Finder-v5_0048.jpg,0
train,Wally-Finder-v5,page:30,page:30,data/roboflow/wally-finder-v5/train/images/30_jpg.rf.34cc6cda0ad65565df39827b1f941c5c.jpg,train/images/Wally-Finder-v5_0049.jpg,0
train,Wally-Finder-v5,page:30,page:30,data/roboflow/wally-finder-v5/train/images/30_jpg.rf.c2d3dbf80fcf0dfd389e00dbd4f3497a.jpg,train/images/Wally-Finder-v5_0050.jpg,0
train,Wally-Finder-v5,page:30,page:30,data/roboflow/wally-finder-v5/train/images/30_jpg.rf.cfce0ec5bec8ba2327578c429c841442.jpg,train/images/Wally-Finder-v5_0051.jpg,0
train,Wally-Finder-v5,page:30,page:30,data/roboflow/wally-finder-v5/train/images/30_jpg.rf.d0a7f6910a09c203a3ab91e86463c7d6.jpg,train/images/Wally-Finder-v5_0052.jpg,0
train,Wally-Finder-v5,page:30,page:30,data/roboflow/wally-finder-v5/train/images/30_jpg.rf.f78123ec3fa2e8fd8cfdae2b48f39340.jpg,train/images/Wally-Finder-v5_0053.jpg,0
train,Wally-Finder-v5,page:31,page:31,data/roboflow/wally-finder-v5/train/images/31_jpeg.rf.69703d5c82252a655149a918b9737518.jpg,train/images/Wally-Finder-v5_0054.jpg,0
train,Wally-Finder-v5,page:31,page:31,data/roboflow/wally-finder-v5/train/images/31_jpeg.rf.a0e6d2f102e64f438108a901a5194010.jpg,train/images/Wally-Finder-v5_0055.jpg,0
train,Wally-Finder-v5,page:31,page:31,data/roboflow/wally-finder-v5/train/images/31_jpg.rf.1ef7760ff6e17ecd24f2e01affbbe2ea.jpg,train/images/Wally-Finder-v5_0056.jpg,0
train,Wally-Finder-v5,page:31,page:31,data/roboflow/wally-finder-v5/train/images/31_jpg.rf.3acf1dd2447b5d85dcc046de6223bfba.jpg,train/images/Wally-Finder-v5_0057.jpg,0
train,Wally-Finder-v5,page:31,page:31,data/roboflow/wally-finder-v5/train/images/31_jpg.rf.639b995b5ff2dc0c290b391c01f8692d.jpg,train/images/Wally-Finder-v5_0058.jpg,1
train,Wally-Finder-v5,page:31,page:31,data/roboflow/wally-finder-v5/train/images/31_jpg.rf.7e3ae433966767ba3906404a36a9caa6.jpg,train/images/Wally-Finder-v5_0059.jpg,0
train,Wally-Finder-v5,page:31,page:31,data/roboflow/wally-finder-v5/train/images/31_jpg.rf.b2428a7a790243f21230213b1afbfb4e.jpg,train/images/Wally-Finder-v5_0060.jpg,1
train,Wally-Finder-v5,page:31,page:31,data/roboflow/wally-finder-v5/train/images/31_jpg.rf.cc2c94f62235d9b96a780f541cec274f.jpg,train/images/Wally-Finder-v5_0061.jpg,0
train,Wally-Finder-v5,page:31,page:31,data/roboflow/wally-finder-v5/train/images/31_jpg.rf.ecdfd1e04f234bf6d9a4dba75e9b012b.jpg,train/images/Wally-Finder-v5_0062.jpg,0
train,Wally-Finder-v5,page:32,page:32,data/roboflow/wally-finder-v5/train/images/32_jpeg.rf.0a01c4be1be8138f44225850c1ab75f7.jpg,train/images/Wally-Finder-v5_0063.jpg,0
train,Wally-Finder-v5,page:32,page:32,data/roboflow/wally-finder-v5/train/images/32_jpeg.rf.8b63a908761f0bff9f619feff01acdd9.jpg,train/images/Wally-Finder-v5_0064.jpg,0
train,Wally-Finder-v5,page:32,page:32,data/roboflow/wally-finder-v5/train/images/32_jpg.rf.684117f9124ccb153703215d9826ff9d.jpg,train/images/Wally-Finder-v5_0065.jpg,0
train,Wally-Finder-v5,page:32,page:32,data/roboflow/wally-finder-v5/train/images/32_jpg.rf.84d3709a447bc60109372e2342da8a2e.jpg,train/images/Wally-Finder-v5_0066.jpg,0
train,Wally-Finder-v5,page:32,page:32,data/roboflow/wally-finder-v5/train/images/32_jpg.rf.84d609312ce5e39128a7a4b90ab7b5b0.jpg,train/images/Wally-Finder-v5_0067.jpg,0
train,Wally-Finder-v5,page:32,page:32,data/roboflow/wally-finder-v5/train/images/32_jpg.rf.b672d09ba2df3fb42e45c2e032e9b24d.jpg,train/images/Wally-Finder-v5_0068.jpg,0
train,Wally-Finder-v5,page:32,page:32,data/roboflow/wally-finder-v5/train/images/32_jpg.rf.c5b73b2e4ffc446f64c4457707d2b66c.jpg,train/images/Wally-Finder-v5_0069.jpg,0
train,Wally-Finder-v5,page:32,page:32,data/roboflow/wally-finder-v5/train/images/32_jpg.rf.df6994683056762d148dcc7acb8dfb43.jpg,train/images/Wally-Finder-v5_0070.jpg,0
train,Wally-Finder-v5,page:32,page:32,data/roboflow/wally-finder-v5/train/images/32_jpg.rf.f00b5a03d1ed6a18d249608fc79f069f.jpg,train/images/Wally-Finder-v5_0071.jpg,0
train,Wally-Finder-v5,page:33,page:33,data/roboflow/wally-finder-v5/train/images/33_jpeg.rf.a73eb4fd7d77be69805c3343537298f9.jpg,train/images/Wally-Finder-v5_0072.jpg,0
train,Wally-Finder-v5,page:33,page:33,data/roboflow/wally-finder-v5/train/images/33_jpg.rf.00b26a003f780013d87fb9adc59cf06e.jpg,train/images/Wally-Finder-v5_0073.jpg,0
train,Wally-Finder-v5,page:33,page:33,data/roboflow/wally-finder-v5/train/images/33_jpg.rf.697ebbb01746a639bde0fbd2c85c2815.jpg,train/images/Wally-Finder-v5_0074.jpg,0
train,Wally-Finder-v5,page:33,page:33,data/roboflow/wally-finder-v5/train/images/33_jpg.rf.ae39ff1f4b1093ab4e16e49f890a51c3.jpg,train/images/Wally-Finder-v5_0075.jpg,0
train,Wally-Finder-v5,page:33,page:33,data/roboflow/wally-finder-v5/train/images/33_jpg.rf.ebad6e96788470d4fe0fc82ce5c7ca2f.jpg,train/images/Wally-Finder-v5_0076.jpg,0
train,Wally-Finder-v5,page:40,page:40,data/roboflow/wally-finder-v5/train/images/40_jpeg.rf.d1997540f53b6ab2ed78f62d0bb70fb9.jpg,train/images/Wally-Finder-v5_0077.jpg,0
train,Wally-Finder-v5,page:40,page:40,data/roboflow/wally-finder-v5/train/images/40_jpg.rf.2fc6db885f951f6de0b8c407ae4e6604.jpg,train/images/Wally-Finder-v5_0078.jpg,0
train,Wally-Finder-v5,page:40,page:40,data/roboflow/wally-finder-v5/train/images/40_jpg.rf.453e9d363354ddfc85d5f5d037fd37db.jpg,train/images/Wally-Finder-v5_0079.jpg,0
train,Wally-Finder-v5,page:40,page:40,data/roboflow/wally-finder-v5/train/images/40_jpg.rf.4ce3f58f763480d35479ced658ba9c40.jpg,train/images/Wally-Finder-v5_0080.jpg,0
train,Wally-Finder-v5,page:40,page:40,data/roboflow/wally-finder-v5/train/images/40_jpg.rf.bb10b6d21cc80b1b9f91bf541334210f.jpg,train/images/Wally-Finder-v5_0081.jpg,0
train,Wally-Finder-v5,page:40,page:40,data/roboflow/wally-finder-v5/train/images/40_jpg.rf.cd14c9f35d40310cf57c278f4defd838.jpg,train/images/Wally-Finder-v5_0082.jpg,0
train,Wally-Finder-v5,page:40,page:40,data/roboflow/wally-finder-v5/train/images/40_jpg.rf.e66a50065061af57d6b1fbd211f3b0b3.jpg,train/images/Wally-Finder-v5_0083.jpg,0
train,Wally-Finder-v5,page:40,page:40,data/roboflow/wally-finder-v5/train/images/40_jpg.rf.e6ddf430fcf65ad717f0a4c0ad3b0e13.jpg,train/images/Wally-Finder-v5_0084.jpg,0
train,Wally-Finder-v5,page:41,page:41,data/roboflow/wally-finder-v5/train/images/41_jpeg.rf.b3709db008da574b81f13fdde65e30b3.jpg,train/images/Wally-Finder-v5_0085.jpg,0
train,Wally-Finder-v5,page:41,page:41,data/roboflow/wally-finder-v5/train/images/41_jpg.rf.634caebd0b45c279d7c069358cd2ffe1.jpg,train/images/Wally-Finder-v5_0086.jpg,0
train,Wally-Finder-v5,page:41,page:41,data/roboflow/wally-finder-v5/train/images/41_jpg.rf.8216968ebf9c3898dbea65304d38ffb2.jpg,train/images/Wally-Finder-v5_0087.jpg,1
train,Wally-Finder-v5,page:41,page:41,data/roboflow/wally-finder-v5/train/images/41_jpg.rf.8c57188ecba2cdb28033d1154bfbbe0b.jpg,train/images/Wally-Finder-v5_0088.jpg,0
train,Wally-Finder-v5,page:41,page:41,data/roboflow/wally-finder-v5/train/images/41_jpg.rf.e2af62603138c92e5de6b2c3b834ceda.jpg,train/images/Wally-Finder-v5_0089.jpg,0
train,Wally-Finder-v5,page:41,page:41,data/roboflow/wally-finder-v5/train/images/41_jpg.rf.ff9c5c90233c3c30eab9dbcb8694ef74.jpg,train/images/Wally-Finder-v5_0090.jpg,0
val,Wally-Finder-v5,page:42,page:42,data/roboflow/wally-finder-v5/train/images/42_jpeg.rf.8425c288caec85e2d357e17c669f95c6.jpg,val/images/Wally-Finder-v5_0007.jpg,0
val,Wally-Finder-v5,page:42,page:42,data/roboflow/wally-finder-v5/train/images/42_jpg.rf.08ef0be77c8b00a9130df7963017a85c.jpg,val/images/Wally-Finder-v5_0008.jpg,0
val,Wally-Finder-v5,page:42,page:42,data/roboflow/wally-finder-v5/train/images/42_jpg.rf.2a279603b669f3e9bb5880fe7d5c39aa.jpg,val/images/Wally-Finder-v5_0009.jpg,0
val,Wally-Finder-v5,page:42,page:42,data/roboflow/wally-finder-v5/train/images/42_jpg.rf.b355bc1782fb629c592bcd363f396374.jpg,val/images/Wally-Finder-v5_0010.jpg,0
val,Wally-Finder-v5,page:42,page:42,data/roboflow/wally-finder-v5/train/images/42_jpg.rf.d81626fd6e910a583473372c64b3bb25.jpg,val/images/Wally-Finder-v5_0011.jpg,0
val,Wally-Finder-v5,page:42,page:42,data/roboflow/wally-finder-v5/train/images/42_jpg.rf.ff9ebb0ce61a2e2601ec65a49e87ae36.jpg,val/images/Wally-Finder-v5_0012.jpg,0
train,Wally-Finder-v5,page:43,page:43,data/roboflow/wally-finder-v5/train/images/43_jpeg.rf.1883b0443321d08b3d818bf07502d9e5.jpg,train/images/Wally-Finder-v5_0091.jpg,0
train,Wally-Finder-v5,page:43,page:43,data/roboflow/wally-finder-v5/train/images/43_jpeg.rf.cdc1b51dff59e92bb09064198615b5f3.jpg,train/images/Wally-Finder-v5_0092.jpg,1
train,Wally-Finder-v5,page:43,page:43,data/roboflow/wally-finder-v5/train/images/43_jpg.rf.4a4ec3379e75077be9d6caf827432811.jpg,train/images/Wally-Finder-v5_0093.jpg,0
train,Wally-Finder-v5,page:43,page:43,data/roboflow/wally-finder-v5/train/images/43_jpg.rf.50bb84fd64642e9a6df967631504e4e6.jpg,train/images/Wally-Finder-v5_0094.jpg,0
train,Wally-Finder-v5,page:43,page:43,data/roboflow/wally-finder-v5/train/images/43_jpg.rf.bf1d39c4b9a4edb1a9b23322fe240b51.jpg,train/images/Wally-Finder-v5_0095.jpg,0
train,Wally-Finder-v5,page:43,page:43,data/roboflow/wally-finder-v5/train/images/43_jpg.rf.c654d982c6ef776e7aa0808db9a22b5f.jpg,train/images/Wally-Finder-v5_0096.jpg,0
train,Wally-Finder-v5,page:43,page:43,data/roboflow/wally-finder-v5/train/images/43_jpg.rf.e4d11addf4c67d8d103f82e6d146b73d.jpg,train/images/Wally-Finder-v5_0097.jpg,0
train,Wally-Finder-v5,page:50,page:50,data/roboflow/wally-finder-v5/train/images/50_jpeg.rf.f15b309ecc91dba39bf180d1a12fbbdc.jpg,train/images/Wally-Finder-v5_0098.jpg,0
train,Wally-Finder-v5,page:50,page:50,data/roboflow/wally-finder-v5/train/images/50_jpg.rf.2599a10a7ce418438a2d55d494f2f31f.jpg,train/images/Wally-Finder-v5_0099.jpg,0
train,Wally-Finder-v5,page:50,page:50,data/roboflow/wally-finder-v5/train/images/50_jpg.rf.ac374b0761f1cbfe374e6314ba946220.jpg,train/images/Wally-Finder-v5_0100.jpg,0
train,Wally-Finder-v5,page:50,page:50,data/roboflow/wally-finder-v5/train/images/50_jpg.rf.c51e10447df1f732e9cf54193c3883bc.jpg,train/images/Wally-Finder-v5_0101.jpg,0
train,Wally-Finder-v5,page:50,page:50,data/roboflow/wally-finder-v5/train/images/50_jpg.rf.e43c34ca5ed34c828eb9e2c5002bbcdb.jpg,train/images/Wally-Finder-v5_0102.jpg,0
train,Wally-Finder-v5,page:51,page:51,data/roboflow/wally-finder-v5/train/images/51_jpg.rf.1c9f340c66d18aa9c0f39cb51baba261.jpg,train/images/Wally-Finder-v5_0103.jpg,0
train,Wally-Finder-v5,page:51,page:51,data/roboflow/wally-finder-v5/train/images/51_jpg.rf.7d1b6d859676939b3ed76ecbe8330584.jpg,train/images/Wally-Finder-v5_0104.jpg,0
train,Wally-Finder-v5,page:51,page:51,data/roboflow/wally-finder-v5/train/images/51_jpg.rf.c723833c1963a6d286c7027ecea3518f.jpg,train/images/Wally-Finder-v5_0105.jpg,0
train,Wally-Finder-v5,page:51,page:51,data/roboflow/wally-finder-v5/train/images/51_jpg.rf.fa44eb11068890bc7cdd41dbce20ea24.jpg,train/images/Wally-Finder-v5_0106.jpg,0
val,Wally-Finder-v5,page:52,page:52,data/roboflow/wally-finder-v5/train/images/52_jpeg.rf.9ba3e5637765f07e802f918de55b21c9.jpg,val/images/Wally-Finder-v5_0013.jpg,0
val,Wally-Finder-v5,page:52,page:52,data/roboflow/wally-finder-v5/train/images/52_jpg.rf.04df0bc6a6cbea61aa4ca23d43e11ed7.jpg,val/images/Wally-Finder-v5_0014.jpg,0
val,Wally-Finder-v5,page:52,page:52,data/roboflow/wally-finder-v5/train/images/52_jpg.rf.571d899981373760baa389f57c13a2e9.jpg,val/images/Wally-Finder-v5_0015.jpg,0
val,Wally-Finder-v5,page:52,page:52,data/roboflow/wally-finder-v5/train/images/52_jpg.rf.6a67dbacab95af3ec114d0b4466c127d.jpg,val/images/Wally-Finder-v5_0016.jpg,0
val,Wally-Finder-v5,page:52,page:52,data/roboflow/wally-finder-v5/train/images/52_jpg.rf.a02ae91587df6dca80a604b546f84d62.jpg,val/images/Wally-Finder-v5_0017.jpg,1
val,Wally-Finder-v5,page:52,page:52,data/roboflow/wally-finder-v5/train/images/52_jpg.rf.f5120da16e1fb9d373af223bb63bf037.jpg,val/images/Wally-Finder-v5_0018.jpg,0
val,Wally-Finder-v5,page:52,page:52,data/roboflow/wally-finder-v5/train/images/52_jpg.rf.fd88cfda21740868865a6c394a520e4e.jpg,val/images/Wally-Finder-v5_0019.jpg,0
train,Wally-Finder-v5,page:53,page:53,data/roboflow/wally-finder-v5/train/images/53_jpeg.rf.3f209e7631a7c17af317a50938b38d53.jpg,train/images/Wally-Finder-v5_0107.jpg,0
train,Wally-Finder-v5,page:53,page:53,data/roboflow/wally-finder-v5/train/images/53_jpeg.rf.5c5a9b23a8561f66a6088af05d85e003.jpg,train/images/Wally-Finder-v5_0108.jpg,0
train,Wally-Finder-v5,page:53,page:53,data/roboflow/wally-finder-v5/train/images/53_jpg.rf.22e1b098088a5abc000f04452283560e.jpg,train/images/Wally-Finder-v5_0109.jpg,0
train,Wally-Finder-v5,page:53,page:53,data/roboflow/wally-finder-v5/train/images/53_jpg.rf.33926fd70e32893bbc8c3e9844cf93c7.jpg,train/images/Wally-Finder-v5_0110.jpg,0
train,Wally-Finder-v5,page:53,page:53,data/roboflow/wally-finder-v5/train/images/53_jpg.rf.6d8c134b9b4fd579e5aa0c13c547eeaa.jpg,train/images/Wally-Finder-v5_0111.jpg,0
train,Wally-Finder-v5,page:53,page:53,data/roboflow/wally-finder-v5/train/images/53_jpg.rf.a51018d2f6c83b8077dc7ee431ff65e1.jpg,train/images/Wally-Finder-v5_0112.jpg,1
test,Wally-Finder-v5,wally-finder-v5:frame-2,wally-finder-v5:frame-2,data/roboflow/wally-finder-v5/train/images/Frame-2_png.rf.daaeb66a7068075925df07a83c2accef.jpg,test/images/Wally-Finder-v5_0027.jpg,3
train,Wally-Finder-v5,wally-finder-v5:group-1-3,wally-finder-v5:group-1-3,data/roboflow/wally-finder-v5/train/images/Group-1-3-_png.rf.96def8ec6d77815633800d020944443c.jpg,train/images/Wally-Finder-v5_0113.jpg,5
train,Wally-Finder-v5,wally-finder-v5:group-5,wally-finder-v5:group-5,data/roboflow/wally-finder-v5/train/images/Group-5_png.rf.4da923e36000ce793b0b2f8432fa2f8f.jpg,train/images/Wally-Finder-v5_0114.jpg,4
val,Wally-Finder-v5,wally-finder-v5:group-6,wally-finder-v5:group-6,data/roboflow/wally-finder-v5/train/images/Group-6_png.rf.032091c478fb277b2073b6d7a060b511.jpg,val/images/Wally-Finder-v5_0020.jpg,4
train,Wally-Finder-v5,wally-finder-v5:group-8,wally-finder-v5:group-8,data/roboflow/wally-finder-v5/train/images/Group-8_png.rf.9dce9a83285bab54b136393609ad072b.jpg,train/images/Wally-Finder-v5_0115.jpg,4
train,Wally-Finder-v5,wally-finder-v5:group-9,wally-finder-v5:group-9,data/roboflow/wally-finder-v5/train/images/Group-9_png.rf.0c3e88919903fcd06a353b5472e69712.jpg,train/images/Wally-Finder-v5_0116.jpg,8
train,Wally-Finder-v5,page:2,page:2,data/roboflow/wally-finder-v5/valid/images/02_jpeg.rf.7b68a2a69f867e4cc53a2f3b41703238.jpg,train/images/Wally-Finder-v5_0117.jpg,0
train,Wally-Finder-v5,page:3,page:3,data/roboflow/wally-finder-v5/valid/images/03_jpg.rf.cba351a9517967fa54489d93cf4579cd.jpg,train/images/Wally-Finder-v5_0118.jpg,0
train,Wally-Finder-v5,page:3,page:3,data/roboflow/wally-finder-v5/valid/images/03_jpg.rf.d74ab2e364225cf726e183453bb0e8d3.jpg,train/images/Wally-Finder-v5_0119.jpg,0
train,Wally-Finder-v5,page:3,page:3,data/roboflow/wally-finder-v5/valid/images/03_jpg.rf.ebdd2a1a9d349fa50dda70be8bcd5dff.jpg,train/images/Wally-Finder-v5_0120.jpg,1
test,Wally-Finder-v5,page:10,page:10,data/roboflow/wally-finder-v5/valid/images/10_jpg.rf.0e98e194a5f7bb1339cb10812dfa1a1c.jpg,test/images/Wally-Finder-v5_0028.jpg,0
test,Wally-Finder-v5,page:10,page:10,data/roboflow/wally-finder-v5/valid/images/10_jpg.rf.b42ec4320e4ee894eb5ed0780abc7bc0.jpg,test/images/Wally-Finder-v5_0029.jpg,0
val,Wally-Finder-v5,page:11,page:11,data/roboflow/wally-finder-v5/valid/images/11_jpeg.rf.ebac2f4c04f8ac330bd88bab65c2a1a6.jpg,val/images/Wally-Finder-v5_0021.jpg,0
val,Wally-Finder-v5,page:11,page:11,data/roboflow/wally-finder-v5/valid/images/11_jpg.rf.67da9ace56d8bf0c23b026aeb899158f.jpg,val/images/Wally-Finder-v5_0022.jpg,0
val,Wally-Finder-v5,page:11,page:11,data/roboflow/wally-finder-v5/valid/images/11_jpg.rf.cce60b13daadc943634cde5c94a757cd.jpg,val/images/Wally-Finder-v5_0023.jpg,1
train,Wally-Finder-v5,page:12,page:12,data/roboflow/wally-finder-v5/valid/images/12_jpg.rf.61aaef5264742a7743bbbdbd3a9aba77.jpg,train/images/Wally-Finder-v5_0121.jpg,0
train,Wally-Finder-v5,page:12,page:12,data/roboflow/wally-finder-v5/valid/images/12_jpg.rf.92fa892400c59987d50ecd4af8db5643.jpg,train/images/Wally-Finder-v5_0122.jpg,0
train,Wally-Finder-v5,page:13,page:13,data/roboflow/wally-finder-v5/valid/images/13_jpg.rf.b8ac68196a581900c454a96d0d913308.jpg,train/images/Wally-Finder-v5_0123.jpg,0
train,Wally-Finder-v5,page:20,page:20,data/roboflow/wally-finder-v5/valid/images/20_jpg.rf.9c6ab972016d1c6e351ca50618690d82.jpg,train/images/Wally-Finder-v5_0124.jpg,0
train,Wally-Finder-v5,page:20,page:20,data/roboflow/wally-finder-v5/valid/images/20_jpg.rf.d4525139972f6b1b1313a0b7da2c90ae.jpg,train/images/Wally-Finder-v5_0125.jpg,0
train,Wally-Finder-v5,page:21,page:21,data/roboflow/wally-finder-v5/valid/images/21_jpeg.rf.138f2b3cd3fd25bff7e7ec35c03ea3b8.jpg,train/images/Wally-Finder-v5_0126.jpg,0
train,Wally-Finder-v5,page:21,page:21,data/roboflow/wally-finder-v5/valid/images/21_jpg.rf.764b064e5f8bfd50e79f34ffa7d71387.jpg,train/images/Wally-Finder-v5_0127.jpg,0
train,Wally-Finder-v5,page:21,page:21,data/roboflow/wally-finder-v5/valid/images/21_jpg.rf.ca0b3b56cd4b569b64a77efd9ba7909c.jpg,train/images/Wally-Finder-v5_0128.jpg,0
test,Wally-Finder-v5,page:22,page:22,data/roboflow/wally-finder-v5/valid/images/22_jpeg.rf.5f4645a037c27aa311eba5a9797af0e9.jpg,test/images/Wally-Finder-v5_0030.jpg,0
test,Wally-Finder-v5,page:22,page:22,data/roboflow/wally-finder-v5/valid/images/22_jpg.rf.1207101cbd77374f6ee9983349ae57a2.jpg,test/images/Wally-Finder-v5_0031.jpg,0
test,Wally-Finder-v5,page:23,page:23,data/roboflow/wally-finder-v5/valid/images/23_jpg.rf.263ec2b6e0688d9999ed208e4e779909.jpg,test/images/Wally-Finder-v5_0032.jpg,0
train,Wally-Finder-v5,page:30,page:30,data/roboflow/wally-finder-v5/valid/images/30_jpg.rf.4198504a6d885cbeabf60f626b0f3543.jpg,train/images/Wally-Finder-v5_0129.jpg,0
train,Wally-Finder-v5,page:30,page:30,data/roboflow/wally-finder-v5/valid/images/30_jpg.rf.7baa1f3765b8bd4463e1cbef768fd6e3.jpg,train/images/Wally-Finder-v5_0130.jpg,0
train,Wally-Finder-v5,page:32,page:32,data/roboflow/wally-finder-v5/valid/images/32_jpg.rf.1d67478de04246a4e212ecc699f2c1d1.jpg,train/images/Wally-Finder-v5_0131.jpg,0
train,Wally-Finder-v5,page:33,page:33,data/roboflow/wally-finder-v5/valid/images/33_jpeg.rf.5b79e99f47eee2eac6b396853f743cd6.jpg,train/images/Wally-Finder-v5_0132.jpg,0
train,Wally-Finder-v5,page:33,page:33,data/roboflow/wally-finder-v5/valid/images/33_jpg.rf.bf012458733e82a58d260e9086535aff.jpg,train/images/Wally-Finder-v5_0133.jpg,0
train,Wally-Finder-v5,page:33,page:33,data/roboflow/wally-finder-v5/valid/images/33_jpg.rf.d6896c3a6bc1b1d50bcf38020a161ef6.jpg,train/images/Wally-Finder-v5_0134.jpg,0
train,Wally-Finder-v5,page:41,page:41,data/roboflow/wally-finder-v5/valid/images/41_jpeg.rf.dfc377b847ebb41838836a7135a0af29.jpg,train/images/Wally-Finder-v5_0135.jpg,0
train,Wally-Finder-v5,page:41,page:41,data/roboflow/wally-finder-v5/valid/images/41_jpg.rf.623c9ef5590833bf8354fc7cd25a1d2b.jpg,train/images/Wally-Finder-v5_0136.jpg,0
val,Wally-Finder-v5,page:42,page:42,data/roboflow/wally-finder-v5/valid/images/42_jpeg.rf.6dd85c72defebe072ac2e765e752d289.jpg,val/images/Wally-Finder-v5_0024.jpg,0
val,Wally-Finder-v5,page:42,page:42,data/roboflow/wally-finder-v5/valid/images/42_jpg.rf.289257ada95c31ae6e7f87fab943979a.jpg,val/images/Wally-Finder-v5_0025.jpg,0
val,Wally-Finder-v5,page:42,page:42,data/roboflow/wally-finder-v5/valid/images/42_jpg.rf.bb5c4674f6b22ea8dbc23009e77470fa.jpg,val/images/Wally-Finder-v5_0026.jpg,0
train,Wally-Finder-v5,page:43,page:43,data/roboflow/wally-finder-v5/valid/images/43_jpg.rf.2fc72571dc6f9572933166857e4650af.jpg,train/images/Wally-Finder-v5_0137.jpg,0
train,Wally-Finder-v5,page:43,page:43,data/roboflow/wally-finder-v5/valid/images/43_jpg.rf.71fc8d3b939aa0428bd2d9eba10cfeae.jpg,train/images/Wally-Finder-v5_0138.jpg,0
train,Wally-Finder-v5,page:50,page:50,data/roboflow/wally-finder-v5/valid/images/50_jpg.rf.394513c2d71a4b5d47bc12babb68de3e.jpg,train/images/Wally-Finder-v5_0139.jpg,0
train,Wally-Finder-v5,page:50,page:50,data/roboflow/wally-finder-v5/valid/images/50_jpg.rf.681bd91592f5e146b8f2359e11d52879.jpg,train/images/Wally-Finder-v5_0140.jpg,1
train,Wally-Finder-v5,page:50,page:50,data/roboflow/wally-finder-v5/valid/images/50_jpg.rf.948f4db310f0a23799b26c3395b84303.jpg,train/images/Wally-Finder-v5_0141.jpg,0
train,Wally-Finder-v5,page:51,page:51,data/roboflow/wally-finder-v5/valid/images/51_jpeg.rf.245ea38d9fe5fdbe49c4cb74e82826cf.jpg,train/images/Wally-Finder-v5_0142.jpg,0
train,Wally-Finder-v5,page:51,page:51,data/roboflow/wally-finder-v5/valid/images/51_jpg.rf.f58de2266d9266cec83c130347b2c55e.jpg,train/images/Wally-Finder-v5_0143.jpg,0
val,Wally-Finder-v5,page:52,page:52,data/roboflow/wally-finder-v5/valid/images/52_jpg.rf.f3ef6a7372f775e58094c9c4114a2c07.jpg,val/images/Wally-Finder-v5_0027.jpg,1
train,Wally-Finder-v5,page:53,page:53,data/roboflow/wally-finder-v5/valid/images/53_jpg.rf.f2bbf8214ae299b41acf8fe57597acdb.jpg,train/images/Wally-Finder-v5_0144.jpg,0
train,Wally-Finder-v5,wally-finder-v5:frame-1,wally-finder-v5:frame-1,data/roboflow/wally-finder-v5/valid/images/Frame-1_png.rf.f8485f5410ba69c7148b5234f5fefcf5.jpg,train/images/Wally-Finder-v5_0145.jpg,1
test,Wally-Finder-v5,page:0,page:0,data/roboflow/wally-finder-v5/test/images/00_jpg.rf.1ac1afdf29435958891771c5950faa4e.jpg,test/images/Wally-Finder-v5_0033.jpg,0
test,Wally-Finder-v5,page:0,page:0,data/roboflow/wally-finder-v5/test/images/00_jpg.rf.53d184844545c87d9b4266c5907bd32b.jpg,test/images/Wally-Finder-v5_0034.jpg,0
test,Wally-Finder-v5,page:0,page:0,data/roboflow/wally-finder-v5/test/images/00_jpg.rf.bd234f655fccbd2fcd8a101d983253b5.jpg,test/images/Wally-Finder-v5_0035.jpg,0
train,Wally-Finder-v5,page:1,page:1,data/roboflow/wally-finder-v5/test/images/01_jpg.rf.05ce854139ac09a08b0ae8cd890f204a.jpg,train/images/Wally-Finder-v5_0146.jpg,0
train,Wally-Finder-v5,page:1,page:1,data/roboflow/wally-finder-v5/test/images/01_jpg.rf.64ef83474a250e25214a027d5c062260.jpg,train/images/Wally-Finder-v5_0147.jpg,0
train,Wally-Finder-v5,page:1,page:1,data/roboflow/wally-finder-v5/test/images/01_jpg.rf.beba7a989ad6c2c1ff449d47a893a4c0.jpg,train/images/Wally-Finder-v5_0148.jpg,0
train,Wally-Finder-v5,page:1,page:1,data/roboflow/wally-finder-v5/test/images/01_jpg.rf.d5d114a41c8df1dc63d6e8dbd5a4c519.jpg,train/images/Wally-Finder-v5_0149.jpg,0
train,Wally-Finder-v5,page:1,page:1,data/roboflow/wally-finder-v5/test/images/01_jpg.rf.fab274114da1520979fa99ae1d91199e.jpg,train/images/Wally-Finder-v5_0150.jpg,0
train,Wally-Finder-v5,page:2,page:2,data/roboflow/wally-finder-v5/test/images/02_jpeg.rf.d4e147adc9929ea0dbda6927ff763b20.jpg,train/images/Wally-Finder-v5_0151.jpg,0
test,Wally-Finder-v5,page:10,page:10,data/roboflow/wally-finder-v5/test/images/10_jpg.rf.83a8bec6b75fb88056b2392304d0488a.jpg,test/images/Wally-Finder-v5_0036.jpg,0
test,Wally-Finder-v5,page:10,page:10,data/roboflow/wally-finder-v5/test/images/10_jpg.rf.bcb40ea68fb34e94384dec819bad7438.jpg,test/images/Wally-Finder-v5_0037.jpg,0
test,Wally-Finder-v5,page:10,page:10,data/roboflow/wally-finder-v5/test/images/10_jpg.rf.fbd44f7ab571c1066df41e57b10f3a40.jpg,test/images/Wally-Finder-v5_0038.jpg,0
train,Wally-Finder-v5,page:12,page:12,data/roboflow/wally-finder-v5/test/images/12_jpg.rf.0e0bea8089da7d90388bd89a5cfc2d3d.jpg,train/images/Wally-Finder-v5_0152.jpg,0
train,Wally-Finder-v5,page:12,page:12,data/roboflow/wally-finder-v5/test/images/12_jpg.rf.3a7f27b5696c6851ef764b426bf69692.jpg,train/images/Wally-Finder-v5_0153.jpg,0
train,Wally-Finder-v5,page:13,page:13,data/roboflow/wally-finder-v5/test/images/13_jpg.rf.cde1814289ca07a9579d2ce42ba2cfc3.jpg,train/images/Wally-Finder-v5_0154.jpg,0
train,Wally-Finder-v5,page:20,page:20,data/roboflow/wally-finder-v5/test/images/20_jpeg.rf.7eead5e4dbd6dc83d7e77ff640d182b4.jpg,train/images/Wally-Finder-v5_0155.jpg,0
train,Wally-Finder-v5,page:20,page:20,data/roboflow/wally-finder-v5/test/images/20_jpeg.rf.e758d1f4775c9b52ac431363228b662d.jpg,train/images/Wally-Finder-v5_0156.jpg,0
test,Wally-Finder-v5,page:22,page:22,data/roboflow/wally-finder-v5/test/images/22_jpeg.rf.be3a934533b20c3dee6b9ebda43b1cc9.jpg,test/images/Wally-Finder-v5_0039.jpg,0
test,Wally-Finder-v5,page:23,page:23,data/roboflow/wally-finder-v5/test/images/23_jpg.rf.b7c775482debdc47a25b65b31d0908ed.jpg,test/images/Wally-Finder-v5_0040.jpg,0
train,Wally-Finder-v5,page:30,page:30,data/roboflow/wally-finder-v5/test/images/30_jpg.rf.a1069f663c949c87900dada00963dff2.jpg,train/images/Wally-Finder-v5_0157.jpg,0
train,Wally-Finder-v5,page:31,page:31,data/roboflow/wally-finder-v5/test/images/31_jpg.rf.b24b311362096c4bec07cdf5a5395d68.jpg,train/images/Wally-Finder-v5_0158.jpg,0
train,Wally-Finder-v5,page:33,page:33,data/roboflow/wally-finder-v5/test/images/33_jpg.rf.01153a80698020e0848b29c14a999137.jpg,train/images/Wally-Finder-v5_0159.jpg,0
train,Wally-Finder-v5,page:33,page:33,data/roboflow/wally-finder-v5/test/images/33_jpg.rf.80a10da1a2cec1093842683b12f2fcef.jpg,train/images/Wally-Finder-v5_0160.jpg,0
train,Wally-Finder-v5,page:40,page:40,data/roboflow/wally-finder-v5/test/images/40_jpeg.rf.eb58055e16b1599b66ec96c2c6b8bd17.jpg,train/images/Wally-Finder-v5_0161.jpg,0
train,Wally-Finder-v5,page:40,page:40,data/roboflow/wally-finder-v5/test/images/40_jpg.rf.93cafeec91f0b5aa8e49b2ebfc51a825.jpg,train/images/Wally-Finder-v5_0162.jpg,0
train,Wally-Finder-v5,page:41,page:41,data/roboflow/wally-finder-v5/test/images/41_jpg.rf.2d4111a468cf7b4cd1d823b306f39aa6.jpg,train/images/Wally-Finder-v5_0163.jpg,0
train,Wally-Finder-v5,page:41,page:41,data/roboflow/wally-finder-v5/test/images/41_jpg.rf.9573a234b6f32fe9abf9dbea262ee11a.jpg,train/images/Wally-Finder-v5_0164.jpg,0
val,Wally-Finder-v5,page:42,page:42,data/roboflow/wally-finder-v5/test/images/42_jpg.rf.104905d4353409df8ce58eb53af2c06f.jpg,val/images/Wally-Finder-v5_0028.jpg,0
train,Wally-Finder-v5,page:43,page:43,data/roboflow/wally-finder-v5/test/images/43_jpg.rf.9df418fbfb6a87ec22c5c28a7958c27b.jpg,train/images/Wally-Finder-v5_0165.jpg,0
train,Wally-Finder-v5,page:50,page:50,data/roboflow/wally-finder-v5/test/images/50_jpeg.rf.98a7835ed4be7835f8b1f32ca2b3a5cc.jpg,train/images/Wally-Finder-v5_0166.jpg,0
train,Wally-Finder-v5,page:50,page:50,data/roboflow/wally-finder-v5/test/images/50_jpg.rf.542e2f094778c1ca4107df10eb458c16.jpg,train/images/Wally-Finder-v5_0167.jpg,0
train,Wally-Finder-v5,page:51,page:51,data/roboflow/wally-finder-v5/test/images/51_jpeg.rf.f4071faf52bbe45b4c4c61972a0e4bae.jpg,train/images/Wally-Finder-v5_0168.jpg,0
train,Wally-Finder-v5,page:51,page:51,data/roboflow/wally-finder-v5/test/images/51_jpg.rf.18a83efb15db70963d166a9ced946582.jpg,train/images/Wally-Finder-v5_0169.jpg,0
train,Wally-Finder-v5,page:51,page:51,data/roboflow/wally-finder-v5/test/images/51_jpg.rf.991c45fd3f75b35add3e1ebe6fd6d513.jpg,train/images/Wally-Finder-v5_0170.jpg,0
train,Wally-Finder-v5,page:51,page:51,data/roboflow/wally-finder-v5/test/images/51_jpg.rf.c88db261b87aa8880005f8975cc7467a.jpg,train/images/Wally-Finder-v5_0171.jpg,0
val,Wally-Finder-v5,page:52,page:52,data/roboflow/wally-finder-v5/test/images/52_jpeg.rf.e34e68a2bbd9f26091b2ab4b9ef87630.jpg,val/images/Wally-Finder-v5_0029.jpg,0
val,Wally-Finder-v5,page:52,page:52,data/roboflow/wally-finder-v5/test/images/52_jpg.rf.ffd4eadc44bc60202aa58481122dc703.jpg,val/images/Wally-Finder-v5_0030.jpg,0
train,Wally-Finder-v5,page:53,page:53,data/roboflow/wally-finder-v5/test/images/53_jpg.rf.3fb56424f82c5daecc327fbeed71bbb4.jpg,train/images/Wally-Finder-v5_0172.jpg,0
train,Wally-Finder-v5,page:53,page:53,data/roboflow/wally-finder-v5/test/images/53_jpg.rf.832e3b4025726a0fa8b9ec93806ab757.jpg,train/images/Wally-Finder-v5_0173.jpg,0
train,Wally-Finder-v5,page:53,page:53,data/roboflow/wally-finder-v5/test/images/53_jpg.rf.d7220104badb120cb1484cb3de0e93eb.jpg,train/images/Wally-Finder-v5_0174.jpg,0
train,Wally-Finder-v5,wally-finder-v5:group-3,wally-finder-v5:group-3,data/roboflow/wally-finder-v5/test/images/Group-3_png.rf.442ad91da655c1bbc6944b058fc78bf8.jpg,train/images/Wally-Finder-v5_0175.jpg,2
train,Wally-Finder-v5,wally-finder-v5:group-4,wally-finder-v5:group-4,data/roboflow/wally-finder-v5/test/images/Group-4_png.rf.15a2abcc80a66791ac8e433debe6ac8f.jpg,train/images/Wally-Finder-v5_0176.jpg,6
test,Hey-Waldo-negative,page:10,page:10,data/raw/Hey-Waldo/256/notwaldo/10_0_0.jpg,test/images/Hey-Waldo-negative_0000.jpg,0
test,Hey-Waldo-negative,page:10,page:10,data/raw/Hey-Waldo/256/notwaldo/10_0_1.jpg,test/images/Hey-Waldo-negative_0001.jpg,0
test,Hey-Waldo-negative,page:10,page:10,data/raw/Hey-Waldo/256/notwaldo/10_0_2.jpg,test/images/Hey-Waldo-negative_0002.jpg,0
test,Hey-Waldo-negative,page:10,page:10,data/raw/Hey-Waldo/256/notwaldo/10_0_3.jpg,test/images/Hey-Waldo-negative_0003.jpg,0
test,Hey-Waldo-negative,page:10,page:10,data/raw/Hey-Waldo/256/notwaldo/10_1_0.jpg,test/images/Hey-Waldo-negative_0004.jpg,0
test,Hey-Waldo-negative,page:10,page:10,data/raw/Hey-Waldo/256/notwaldo/10_1_2.jpg,test/images/Hey-Waldo-negative_0005.jpg,0
test,Hey-Waldo-negative,page:10,page:10,data/raw/Hey-Waldo/256/notwaldo/10_1_3.jpg,test/images/Hey-Waldo-negative_0006.jpg,0
test,Hey-Waldo-negative,page:10,page:10,data/raw/Hey-Waldo/256/notwaldo/10_2_0.jpg,test/images/Hey-Waldo-negative_0007.jpg,0
test,Hey-Waldo-negative,page:10,page:10,data/raw/Hey-Waldo/256/notwaldo/10_2_1.jpg,test/images/Hey-Waldo-negative_0008.jpg,0
test,Hey-Waldo-negative,page:10,page:10,data/raw/Hey-Waldo/256/notwaldo/10_2_2.jpg,test/images/Hey-Waldo-negative_0009.jpg,0
test,Hey-Waldo-negative,page:10,page:10,data/raw/Hey-Waldo/256/notwaldo/10_2_3.jpg,test/images/Hey-Waldo-negative_0010.jpg,0
test,Hey-Waldo-negative,page:10,page:10,data/raw/Hey-Waldo/256/notwaldo/10_3_0.jpg,test/images/Hey-Waldo-negative_0011.jpg,0
test,Hey-Waldo-negative,page:10,page:10,data/raw/Hey-Waldo/256/notwaldo/10_3_2.jpg,test/images/Hey-Waldo-negative_0012.jpg,0
test,Hey-Waldo-negative,page:10,page:10,data/raw/Hey-Waldo/256/notwaldo/10_3_3.jpg,test/images/Hey-Waldo-negative_0013.jpg,0
val,Hey-Waldo-negative,page:11,page:11,data/raw/Hey-Waldo/256/notwaldo/11_0_0.jpg,val/images/Hey-Waldo-negative_0000.jpg,0
val,Hey-Waldo-negative,page:11,page:11,data/raw/Hey-Waldo/256/notwaldo/11_0_1.jpg,val/images/Hey-Waldo-negative_0001.jpg,0
val,Hey-Waldo-negative,page:11,page:11,data/raw/Hey-Waldo/256/notwaldo/11_0_2.jpg,val/images/Hey-Waldo-negative_0002.jpg,0
val,Hey-Waldo-negative,page:11,page:11,data/raw/Hey-Waldo/256/notwaldo/11_0_3.jpg,val/images/Hey-Waldo-negative_0003.jpg,0
val,Hey-Waldo-negative,page:11,page:11,data/raw/Hey-Waldo/256/notwaldo/11_1_0.jpg,val/images/Hey-Waldo-negative_0004.jpg,0
val,Hey-Waldo-negative,page:11,page:11,data/raw/Hey-Waldo/256/notwaldo/11_1_1.jpg,val/images/Hey-Waldo-negative_0005.jpg,0
val,Hey-Waldo-negative,page:11,page:11,data/raw/Hey-Waldo/256/notwaldo/11_1_3.jpg,val/images/Hey-Waldo-negative_0006.jpg,0
val,Hey-Waldo-negative,page:11,page:11,data/raw/Hey-Waldo/256/notwaldo/11_2_0.jpg,val/images/Hey-Waldo-negative_0007.jpg,0
val,Hey-Waldo-negative,page:11,page:11,data/raw/Hey-Waldo/256/notwaldo/11_2_1.jpg,val/images/Hey-Waldo-negative_0008.jpg,0
val,Hey-Waldo-negative,page:11,page:11,data/raw/Hey-Waldo/256/notwaldo/11_2_2.jpg,val/images/Hey-Waldo-negative_0009.jpg,0
val,Hey-Waldo-negative,page:11,page:11,data/raw/Hey-Waldo/256/notwaldo/11_2_3.jpg,val/images/Hey-Waldo-negative_0010.jpg,0
val,Hey-Waldo-negative,page:11,page:11,data/raw/Hey-Waldo/256/notwaldo/11_3_0.jpg,val/images/Hey-Waldo-negative_0011.jpg,0
val,Hey-Waldo-negative,page:11,page:11,data/raw/Hey-Waldo/256/notwaldo/11_3_1.jpg,val/images/Hey-Waldo-negative_0012.jpg,0
val,Hey-Waldo-negative,page:11,page:11,data/raw/Hey-Waldo/256/notwaldo/11_3_2.jpg,val/images/Hey-Waldo-negative_0013.jpg,0
train,Hey-Waldo-negative,page:12,page:12,data/raw/Hey-Waldo/256/notwaldo/12_0_1.jpg,train/images/Hey-Waldo-negative_0000.jpg,0
train,Hey-Waldo-negative,page:12,page:12,data/raw/Hey-Waldo/256/notwaldo/12_0_2.jpg,train/images/Hey-Waldo-negative_0001.jpg,0
train,Hey-Waldo-negative,page:12,page:12,data/raw/Hey-Waldo/256/notwaldo/12_1_0.jpg,train/images/Hey-Waldo-negative_0002.jpg,0
train,Hey-Waldo-negative,page:12,page:12,data/raw/Hey-Waldo/256/notwaldo/12_1_1.jpg,train/images/Hey-Waldo-negative_0003.jpg,0
train,Hey-Waldo-negative,page:12,page:12,data/raw/Hey-Waldo/256/notwaldo/12_1_2.jpg,train/images/Hey-Waldo-negative_0004.jpg,0
train,Hey-Waldo-negative,page:12,page:12,data/raw/Hey-Waldo/256/notwaldo/12_2_0.jpg,train/images/Hey-Waldo-negative_0005.jpg,0
train,Hey-Waldo-negative,page:12,page:12,data/raw/Hey-Waldo/256/notwaldo/12_2_1.jpg,train/images/Hey-Waldo-negative_0006.jpg,0
train,Hey-Waldo-negative,page:12,page:12,data/raw/Hey-Waldo/256/notwaldo/12_2_2.jpg,train/images/Hey-Waldo-negative_0007.jpg,0
train,Hey-Waldo-negative,page:12,page:12,data/raw/Hey-Waldo/256/notwaldo/12_2_3.jpg,train/images/Hey-Waldo-negative_0008.jpg,0
train,Hey-Waldo-negative,page:12,page:12,data/raw/Hey-Waldo/256/notwaldo/12_3_0.jpg,train/images/Hey-Waldo-negative_0009.jpg,0
train,Hey-Waldo-negative,page:12,page:12,data/raw/Hey-Waldo/256/notwaldo/12_3_1.jpg,train/images/Hey-Waldo-negative_0010.jpg,0
train,Hey-Waldo-negative,page:12,page:12,data/raw/Hey-Waldo/256/notwaldo/12_3_2.jpg,train/images/Hey-Waldo-negative_0011.jpg,0
train,Hey-Waldo-negative,page:12,page:12,data/raw/Hey-Waldo/256/notwaldo/12_3_3.jpg,train/images/Hey-Waldo-negative_0012.jpg,0
train,Hey-Waldo-negative,page:13,page:13,data/raw/Hey-Waldo/256/notwaldo/13_0_1.jpg,train/images/Hey-Waldo-negative_0013.jpg,0
train,Hey-Waldo-negative,page:13,page:13,data/raw/Hey-Waldo/256/notwaldo/13_1_1.jpg,train/images/Hey-Waldo-negative_0014.jpg,0
train,Hey-Waldo-negative,page:13,page:13,data/raw/Hey-Waldo/256/notwaldo/13_1_2.jpg,train/images/Hey-Waldo-negative_0015.jpg,0
train,Hey-Waldo-negative,page:13,page:13,data/raw/Hey-Waldo/256/notwaldo/13_1_3.jpg,train/images/Hey-Waldo-negative_0016.jpg,0
train,Hey-Waldo-negative,page:13,page:13,data/raw/Hey-Waldo/256/notwaldo/13_2_1.jpg,train/images/Hey-Waldo-negative_0017.jpg,0
train,Hey-Waldo-negative,page:13,page:13,data/raw/Hey-Waldo/256/notwaldo/13_2_2.jpg,train/images/Hey-Waldo-negative_0018.jpg,0
train,Hey-Waldo-negative,page:13,page:13,data/raw/Hey-Waldo/256/notwaldo/13_2_3.jpg,train/images/Hey-Waldo-negative_0019.jpg,0
train,Hey-Waldo-negative,page:13,page:13,data/raw/Hey-Waldo/256/notwaldo/13_3_0.jpg,train/images/Hey-Waldo-negative_0020.jpg,0
train,Hey-Waldo-negative,page:13,page:13,data/raw/Hey-Waldo/256/notwaldo/13_3_1.jpg,train/images/Hey-Waldo-negative_0021.jpg,0
train,Hey-Waldo-negative,page:13,page:13,data/raw/Hey-Waldo/256/notwaldo/13_3_2.jpg,train/images/Hey-Waldo-negative_0022.jpg,0
train,Hey-Waldo-negative,page:13,page:13,data/raw/Hey-Waldo/256/notwaldo/13_3_3.jpg,train/images/Hey-Waldo-negative_0023.jpg,0
val,Hey-Waldo-negative,page:14,page:14,data/raw/Hey-Waldo/256/notwaldo/14_0_0.jpg,val/images/Hey-Waldo-negative_0014.jpg,0
val,Hey-Waldo-negative,page:14,page:14,data/raw/Hey-Waldo/256/notwaldo/14_0_1.jpg,val/images/Hey-Waldo-negative_0015.jpg,0
val,Hey-Waldo-negative,page:14,page:14,data/raw/Hey-Waldo/256/notwaldo/14_0_2.jpg,val/images/Hey-Waldo-negative_0016.jpg,0
val,Hey-Waldo-negative,page:14,page:14,data/raw/Hey-Waldo/256/notwaldo/14_1_0.jpg,val/images/Hey-Waldo-negative_0017.jpg,0
val,Hey-Waldo-negative,page:14,page:14,data/raw/Hey-Waldo/256/notwaldo/14_1_1.jpg,val/images/Hey-Waldo-negative_0018.jpg,0
val,Hey-Waldo-negative,page:14,page:14,data/raw/Hey-Waldo/256/notwaldo/14_1_2.jpg,val/images/Hey-Waldo-negative_0019.jpg,0
val,Hey-Waldo-negative,page:14,page:14,data/raw/Hey-Waldo/256/notwaldo/14_2_0.jpg,val/images/Hey-Waldo-negative_0020.jpg,0
val,Hey-Waldo-negative,page:14,page:14,data/raw/Hey-Waldo/256/notwaldo/14_2_1.jpg,val/images/Hey-Waldo-negative_0021.jpg,0
val,Hey-Waldo-negative,page:14,page:14,data/raw/Hey-Waldo/256/notwaldo/14_2_2.jpg,val/images/Hey-Waldo-negative_0022.jpg,0
val,Hey-Waldo-negative,page:14,page:14,data/raw/Hey-Waldo/256/notwaldo/14_2_3.jpg,val/images/Hey-Waldo-negative_0023.jpg,0
val,Hey-Waldo-negative,page:14,page:14,data/raw/Hey-Waldo/256/notwaldo/14_3_0.jpg,val/images/Hey-Waldo-negative_0024.jpg,0
val,Hey-Waldo-negative,page:14,page:14,data/raw/Hey-Waldo/256/notwaldo/14_3_1.jpg,val/images/Hey-Waldo-negative_0025.jpg,0
val,Hey-Waldo-negative,page:14,page:14,data/raw/Hey-Waldo/256/notwaldo/14_3_2.jpg,val/images/Hey-Waldo-negative_0026.jpg,0
val,Hey-Waldo-negative,page:14,page:14,data/raw/Hey-Waldo/256/notwaldo/14_3_3.jpg,val/images/Hey-Waldo-negative_0027.jpg,0
test,Hey-Waldo-negative,page:15,page:15,data/raw/Hey-Waldo/256/notwaldo/15_0_0.jpg,test/images/Hey-Waldo-negative_0014.jpg,0
test,Hey-Waldo-negative,page:15,page:15,data/raw/Hey-Waldo/256/notwaldo/15_0_1.jpg,test/images/Hey-Waldo-negative_0015.jpg,0
test,Hey-Waldo-negative,page:15,page:15,data/raw/Hey-Waldo/256/notwaldo/15_0_2.jpg,test/images/Hey-Waldo-negative_0016.jpg,0
test,Hey-Waldo-negative,page:15,page:15,data/raw/Hey-Waldo/256/notwaldo/15_0_3.jpg,test/images/Hey-Waldo-negative_0017.jpg,0
test,Hey-Waldo-negative,page:15,page:15,data/raw/Hey-Waldo/256/notwaldo/15_1_0.jpg,test/images/Hey-Waldo-negative_0018.jpg,0
test,Hey-Waldo-negative,page:15,page:15,data/raw/Hey-Waldo/256/notwaldo/15_1_2.jpg,test/images/Hey-Waldo-negative_0019.jpg,0
test,Hey-Waldo-negative,page:15,page:15,data/raw/Hey-Waldo/256/notwaldo/15_1_3.jpg,test/images/Hey-Waldo-negative_0020.jpg,0
test,Hey-Waldo-negative,page:15,page:15,data/raw/Hey-Waldo/256/notwaldo/15_2_0.jpg,test/images/Hey-Waldo-negative_0021.jpg,0
test,Hey-Waldo-negative,page:15,page:15,data/raw/Hey-Waldo/256/notwaldo/15_2_1.jpg,test/images/Hey-Waldo-negative_0022.jpg,0
test,Hey-Waldo-negative,page:15,page:15,data/raw/Hey-Waldo/256/notwaldo/15_2_2.jpg,test/images/Hey-Waldo-negative_0023.jpg,0
test,Hey-Waldo-negative,page:15,page:15,data/raw/Hey-Waldo/256/notwaldo/15_2_3.jpg,test/images/Hey-Waldo-negative_0024.jpg,0
test,Hey-Waldo-negative,page:15,page:15,data/raw/Hey-Waldo/256/notwaldo/15_3_0.jpg,test/images/Hey-Waldo-negative_0025.jpg,0
test,Hey-Waldo-negative,page:15,page:15,data/raw/Hey-Waldo/256/notwaldo/15_3_1.jpg,test/images/Hey-Waldo-negative_0026.jpg,0
test,Hey-Waldo-negative,page:15,page:15,data/raw/Hey-Waldo/256/notwaldo/15_3_2.jpg,test/images/Hey-Waldo-negative_0027.jpg,0
test,Hey-Waldo-negative,page:15,page:15,data/raw/Hey-Waldo/256/notwaldo/15_3_3.jpg,test/images/Hey-Waldo-negative_0028.jpg,0
test,Hey-Waldo-negative,page:16,page:16,data/raw/Hey-Waldo/256/notwaldo/16_0_0.jpg,test/images/Hey-Waldo-negative_0029.jpg,0
test,Hey-Waldo-negative,page:16,page:16,data/raw/Hey-Waldo/256/notwaldo/16_0_1.jpg,test/images/Hey-Waldo-negative_0030.jpg,0
test,Hey-Waldo-negative,page:16,page:16,data/raw/Hey-Waldo/256/notwaldo/16_0_2.jpg,test/images/Hey-Waldo-negative_0031.jpg,0
test,Hey-Waldo-negative,page:16,page:16,data/raw/Hey-Waldo/256/notwaldo/16_0_3.jpg,test/images/Hey-Waldo-negative_0032.jpg,0
test,Hey-Waldo-negative,page:16,page:16,data/raw/Hey-Waldo/256/notwaldo/16_1_0.jpg,test/images/Hey-Waldo-negative_0033.jpg,0
test,Hey-Waldo-negative,page:16,page:16,data/raw/Hey-Waldo/256/notwaldo/16_1_1.jpg,test/images/Hey-Waldo-negative_0034.jpg,0
test,Hey-Waldo-negative,page:16,page:16,data/raw/Hey-Waldo/256/notwaldo/16_1_2.jpg,test/images/Hey-Waldo-negative_0035.jpg,0
test,Hey-Waldo-negative,page:16,page:16,data/raw/Hey-Waldo/256/notwaldo/16_1_3.jpg,test/images/Hey-Waldo-negative_0036.jpg,0
test,Hey-Waldo-negative,page:16,page:16,data/raw/Hey-Waldo/256/notwaldo/16_2_2.jpg,test/images/Hey-Waldo-negative_0037.jpg,0
test,Hey-Waldo-negative,page:16,page:16,data/raw/Hey-Waldo/256/notwaldo/16_2_3.jpg,test/images/Hey-Waldo-negative_0038.jpg,0
test,Hey-Waldo-negative,page:16,page:16,data/raw/Hey-Waldo/256/notwaldo/16_3_1.jpg,test/images/Hey-Waldo-negative_0039.jpg,0
test,Hey-Waldo-negative,page:16,page:16,data/raw/Hey-Waldo/256/notwaldo/16_3_2.jpg,test/images/Hey-Waldo-negative_0040.jpg,0
test,Hey-Waldo-negative,page:16,page:16,data/raw/Hey-Waldo/256/notwaldo/16_3_3.jpg,test/images/Hey-Waldo-negative_0041.jpg,0
test,Hey-Waldo-negative,page:17,page:17,data/raw/Hey-Waldo/256/notwaldo/17_0_0.jpg,test/images/Hey-Waldo-negative_0042.jpg,0
test,Hey-Waldo-negative,page:17,page:17,data/raw/Hey-Waldo/256/notwaldo/17_0_1.jpg,test/images/Hey-Waldo-negative_0043.jpg,0
test,Hey-Waldo-negative,page:17,page:17,data/raw/Hey-Waldo/256/notwaldo/17_0_2.jpg,test/images/Hey-Waldo-negative_0044.jpg,0
test,Hey-Waldo-negative,page:17,page:17,data/raw/Hey-Waldo/256/notwaldo/17_1_0.jpg,test/images/Hey-Waldo-negative_0045.jpg,0
test,Hey-Waldo-negative,page:17,page:17,data/raw/Hey-Waldo/256/notwaldo/17_1_1.jpg,test/images/Hey-Waldo-negative_0046.jpg,0
test,Hey-Waldo-negative,page:17,page:17,data/raw/Hey-Waldo/256/notwaldo/17_1_2.jpg,test/images/Hey-Waldo-negative_0047.jpg,0
test,Hey-Waldo-negative,page:17,page:17,data/raw/Hey-Waldo/256/notwaldo/17_1_3.jpg,test/images/Hey-Waldo-negative_0048.jpg,0
test,Hey-Waldo-negative,page:17,page:17,data/raw/Hey-Waldo/256/notwaldo/17_2_0.jpg,test/images/Hey-Waldo-negative_0049.jpg,0
test,Hey-Waldo-negative,page:17,page:17,data/raw/Hey-Waldo/256/notwaldo/17_2_1.jpg,test/images/Hey-Waldo-negative_0050.jpg,0
test,Hey-Waldo-negative,page:17,page:17,data/raw/Hey-Waldo/256/notwaldo/17_2_2.jpg,test/images/Hey-Waldo-negative_0051.jpg,0
test,Hey-Waldo-negative,page:17,page:17,data/raw/Hey-Waldo/256/notwaldo/17_2_3.jpg,test/images/Hey-Waldo-negative_0052.jpg,0
test,Hey-Waldo-negative,page:17,page:17,data/raw/Hey-Waldo/256/notwaldo/17_3_0.jpg,test/images/Hey-Waldo-negative_0053.jpg,0
test,Hey-Waldo-negative,page:17,page:17,data/raw/Hey-Waldo/256/notwaldo/17_3_2.jpg,test/images/Hey-Waldo-negative_0054.jpg,0
test,Hey-Waldo-negative,page:17,page:17,data/raw/Hey-Waldo/256/notwaldo/17_3_3.jpg,test/images/Hey-Waldo-negative_0055.jpg,0
train,Hey-Waldo-negative,page:18,page:18,data/raw/Hey-Waldo/256/notwaldo/18_0_0.jpg,train/images/Hey-Waldo-negative_0024.jpg,0
train,Hey-Waldo-negative,page:18,page:18,data/raw/Hey-Waldo/256/notwaldo/18_0_1.jpg,train/images/Hey-Waldo-negative_0025.jpg,0
train,Hey-Waldo-negative,page:18,page:18,data/raw/Hey-Waldo/256/notwaldo/18_0_2.jpg,train/images/Hey-Waldo-negative_0026.jpg,0
train,Hey-Waldo-negative,page:18,page:18,data/raw/Hey-Waldo/256/notwaldo/18_1_1.jpg,train/images/Hey-Waldo-negative_0027.jpg,0
train,Hey-Waldo-negative,page:18,page:18,data/raw/Hey-Waldo/256/notwaldo/18_1_2.jpg,train/images/Hey-Waldo-negative_0028.jpg,0
train,Hey-Waldo-negative,page:18,page:18,data/raw/Hey-Waldo/256/notwaldo/18_1_3.jpg,train/images/Hey-Waldo-negative_0029.jpg,0
train,Hey-Waldo-negative,page:18,page:18,data/raw/Hey-Waldo/256/notwaldo/18_2_0.jpg,train/images/Hey-Waldo-negative_0030.jpg,0
train,Hey-Waldo-negative,page:18,page:18,data/raw/Hey-Waldo/256/notwaldo/18_2_1.jpg,train/images/Hey-Waldo-negative_0031.jpg,0
train,Hey-Waldo-negative,page:18,page:18,data/raw/Hey-Waldo/256/notwaldo/18_2_2.jpg,train/images/Hey-Waldo-negative_0032.jpg,0
train,Hey-Waldo-negative,page:18,page:18,data/raw/Hey-Waldo/256/notwaldo/18_2_3.jpg,train/images/Hey-Waldo-negative_0033.jpg,0
train,Hey-Waldo-negative,page:18,page:18,data/raw/Hey-Waldo/256/notwaldo/18_3_0.jpg,train/images/Hey-Waldo-negative_0034.jpg,0
train,Hey-Waldo-negative,page:18,page:18,data/raw/Hey-Waldo/256/notwaldo/18_3_2.jpg,train/images/Hey-Waldo-negative_0035.jpg,0
train,Hey-Waldo-negative,page:18,page:18,data/raw/Hey-Waldo/256/notwaldo/18_3_3.jpg,train/images/Hey-Waldo-negative_0036.jpg,0
train,Hey-Waldo-negative,page:19,page:19,data/raw/Hey-Waldo/256/notwaldo/19_0_0.jpg,train/images/Hey-Waldo-negative_0037.jpg,0
train,Hey-Waldo-negative,page:19,page:19,data/raw/Hey-Waldo/256/notwaldo/19_0_2.jpg,train/images/Hey-Waldo-negative_0038.jpg,0
train,Hey-Waldo-negative,page:19,page:19,data/raw/Hey-Waldo/256/notwaldo/19_0_3.jpg,train/images/Hey-Waldo-negative_0039.jpg,0
train,Hey-Waldo-negative,page:19,page:19,data/raw/Hey-Waldo/256/notwaldo/19_1_1.jpg,train/images/Hey-Waldo-negative_0040.jpg,0
train,Hey-Waldo-negative,page:19,page:19,data/raw/Hey-Waldo/256/notwaldo/19_1_2.jpg,train/images/Hey-Waldo-negative_0041.jpg,0
train,Hey-Waldo-negative,page:19,page:19,data/raw/Hey-Waldo/256/notwaldo/19_1_3.jpg,train/images/Hey-Waldo-negative_0042.jpg,0
train,Hey-Waldo-negative,page:19,page:19,data/raw/Hey-Waldo/256/notwaldo/19_2_0.jpg,train/images/Hey-Waldo-negative_0043.jpg,0
train,Hey-Waldo-negative,page:19,page:19,data/raw/Hey-Waldo/256/notwaldo/19_2_1.jpg,train/images/Hey-Waldo-negative_0044.jpg,0
train,Hey-Waldo-negative,page:19,page:19,data/raw/Hey-Waldo/256/notwaldo/19_2_2.jpg,train/images/Hey-Waldo-negative_0045.jpg,0
train,Hey-Waldo-negative,page:19,page:19,data/raw/Hey-Waldo/256/notwaldo/19_3_0.jpg,train/images/Hey-Waldo-negative_0046.jpg,0
train,Hey-Waldo-negative,page:19,page:19,data/raw/Hey-Waldo/256/notwaldo/19_3_1.jpg,train/images/Hey-Waldo-negative_0047.jpg,0
train,Hey-Waldo-negative,page:19,page:19,data/raw/Hey-Waldo/256/notwaldo/19_3_2.jpg,train/images/Hey-Waldo-negative_0048.jpg,0
train,Hey-Waldo-negative,page:19,page:19,data/raw/Hey-Waldo/256/notwaldo/19_3_3.jpg,train/images/Hey-Waldo-negative_0049.jpg,0
train,Hey-Waldo-negative,page:1,page:1,data/raw/Hey-Waldo/256/notwaldo/1_0_0.jpg,train/images/Hey-Waldo-negative_0050.jpg,0
train,Hey-Waldo-negative,page:1,page:1,data/raw/Hey-Waldo/256/notwaldo/1_0_1.jpg,train/images/Hey-Waldo-negative_0051.jpg,0
train,Hey-Waldo-negative,page:1,page:1,data/raw/Hey-Waldo/256/notwaldo/1_0_2.jpg,train/images/Hey-Waldo-negative_0052.jpg,0
train,Hey-Waldo-negative,page:1,page:1,data/raw/Hey-Waldo/256/notwaldo/1_0_3.jpg,train/images/Hey-Waldo-negative_0053.jpg,0
train,Hey-Waldo-negative,page:1,page:1,data/raw/Hey-Waldo/256/notwaldo/1_1_0.jpg,train/images/Hey-Waldo-negative_0054.jpg,0
train,Hey-Waldo-negative,page:1,page:1,data/raw/Hey-Waldo/256/notwaldo/1_1_2.jpg,train/images/Hey-Waldo-negative_0055.jpg,0
train,Hey-Waldo-negative,page:1,page:1,data/raw/Hey-Waldo/256/notwaldo/1_1_3.jpg,train/images/Hey-Waldo-negative_0056.jpg,0
train,Hey-Waldo-negative,page:1,page:1,data/raw/Hey-Waldo/256/notwaldo/1_2_0.jpg,train/images/Hey-Waldo-negative_0057.jpg,0
train,Hey-Waldo-negative,page:1,page:1,data/raw/Hey-Waldo/256/notwaldo/1_2_1.jpg,train/images/Hey-Waldo-negative_0058.jpg,0
train,Hey-Waldo-negative,page:1,page:1,data/raw/Hey-Waldo/256/notwaldo/1_2_2.jpg,train/images/Hey-Waldo-negative_0059.jpg,0
train,Hey-Waldo-negative,page:1,page:1,data/raw/Hey-Waldo/256/notwaldo/1_2_3.jpg,train/images/Hey-Waldo-negative_0060.jpg,0
train,Hey-Waldo-negative,page:1,page:1,data/raw/Hey-Waldo/256/notwaldo/1_3_0.jpg,train/images/Hey-Waldo-negative_0061.jpg,0
train,Hey-Waldo-negative,page:1,page:1,data/raw/Hey-Waldo/256/notwaldo/1_3_1.jpg,train/images/Hey-Waldo-negative_0062.jpg,0
train,Hey-Waldo-negative,page:1,page:1,data/raw/Hey-Waldo/256/notwaldo/1_3_2.jpg,train/images/Hey-Waldo-negative_0063.jpg,0
train,Hey-Waldo-negative,page:1,page:1,data/raw/Hey-Waldo/256/notwaldo/1_3_3.jpg,train/images/Hey-Waldo-negative_0064.jpg,0
train,Hey-Waldo-negative,page:20,page:20,data/raw/Hey-Waldo/256/notwaldo/20_0_0.jpg,train/images/Hey-Waldo-negative_0065.jpg,0
train,Hey-Waldo-negative,page:20,page:20,data/raw/Hey-Waldo/256/notwaldo/20_0_1.jpg,train/images/Hey-Waldo-negative_0066.jpg,0
train,Hey-Waldo-negative,page:20,page:20,data/raw/Hey-Waldo/256/notwaldo/20_0_2.jpg,train/images/Hey-Waldo-negative_0067.jpg,0
train,Hey-Waldo-negative,page:20,page:20,data/raw/Hey-Waldo/256/notwaldo/20_0_3.jpg,train/images/Hey-Waldo-negative_0068.jpg,0
train,Hey-Waldo-negative,page:20,page:20,data/raw/Hey-Waldo/256/notwaldo/20_1_0.jpg,train/images/Hey-Waldo-negative_0069.jpg,0
train,Hey-Waldo-negative,page:20,page:20,data/raw/Hey-Waldo/256/notwaldo/20_1_1.jpg,train/images/Hey-Waldo-negative_0070.jpg,0
train,Hey-Waldo-negative,page:20,page:20,data/raw/Hey-Waldo/256/notwaldo/20_1_2.jpg,train/images/Hey-Waldo-negative_0071.jpg,0
train,Hey-Waldo-negative,page:20,page:20,data/raw/Hey-Waldo/256/notwaldo/20_2_0.jpg,train/images/Hey-Waldo-negative_0072.jpg,0
train,Hey-Waldo-negative,page:20,page:20,data/raw/Hey-Waldo/256/notwaldo/20_2_1.jpg,train/images/Hey-Waldo-negative_0073.jpg,0
train,Hey-Waldo-negative,page:20,page:20,data/raw/Hey-Waldo/256/notwaldo/20_2_2.jpg,train/images/Hey-Waldo-negative_0074.jpg,0
train,Hey-Waldo-negative,page:20,page:20,data/raw/Hey-Waldo/256/notwaldo/20_2_3.jpg,train/images/Hey-Waldo-negative_0075.jpg,0
train,Hey-Waldo-negative,page:20,page:20,data/raw/Hey-Waldo/256/notwaldo/20_3_0.jpg,train/images/Hey-Waldo-negative_0076.jpg,0
train,Hey-Waldo-negative,page:20,page:20,data/raw/Hey-Waldo/256/notwaldo/20_3_1.jpg,train/images/Hey-Waldo-negative_0077.jpg,0
train,Hey-Waldo-negative,page:20,page:20,data/raw/Hey-Waldo/256/notwaldo/20_3_2.jpg,train/images/Hey-Waldo-negative_0078.jpg,0
train,Hey-Waldo-negative,page:20,page:20,data/raw/Hey-Waldo/256/notwaldo/20_3_3.jpg,train/images/Hey-Waldo-negative_0079.jpg,0
train,Hey-Waldo-negative,page:21,page:21,data/raw/Hey-Waldo/256/notwaldo/21_0_1.jpg,train/images/Hey-Waldo-negative_0080.jpg,0
train,Hey-Waldo-negative,page:21,page:21,data/raw/Hey-Waldo/256/notwaldo/21_0_2.jpg,train/images/Hey-Waldo-negative_0081.jpg,0
train,Hey-Waldo-negative,page:21,page:21,data/raw/Hey-Waldo/256/notwaldo/21_0_3.jpg,train/images/Hey-Waldo-negative_0082.jpg,0
train,Hey-Waldo-negative,page:21,page:21,data/raw/Hey-Waldo/256/notwaldo/21_1_0.jpg,train/images/Hey-Waldo-negative_0083.jpg,0
train,Hey-Waldo-negative,page:21,page:21,data/raw/Hey-Waldo/256/notwaldo/21_1_1.jpg,train/images/Hey-Waldo-negative_0084.jpg,0
train,Hey-Waldo-negative,page:21,page:21,data/raw/Hey-Waldo/256/notwaldo/21_1_2.jpg,train/images/Hey-Waldo-negative_0085.jpg,0
train,Hey-Waldo-negative,page:21,page:21,data/raw/Hey-Waldo/256/notwaldo/21_1_3.jpg,train/images/Hey-Waldo-negative_0086.jpg,0
train,Hey-Waldo-negative,page:21,page:21,data/raw/Hey-Waldo/256/notwaldo/21_2_0.jpg,train/images/Hey-Waldo-negative_0087.jpg,0
train,Hey-Waldo-negative,page:21,page:21,data/raw/Hey-Waldo/256/notwaldo/21_2_1.jpg,train/images/Hey-Waldo-negative_0088.jpg,0
train,Hey-Waldo-negative,page:21,page:21,data/raw/Hey-Waldo/256/notwaldo/21_2_2.jpg,train/images/Hey-Waldo-negative_0089.jpg,0
train,Hey-Waldo-negative,page:21,page:21,data/raw/Hey-Waldo/256/notwaldo/21_3_0.jpg,train/images/Hey-Waldo-negative_0090.jpg,0
train,Hey-Waldo-negative,page:21,page:21,data/raw/Hey-Waldo/256/notwaldo/21_3_1.jpg,train/images/Hey-Waldo-negative_0091.jpg,0
train,Hey-Waldo-negative,page:21,page:21,data/raw/Hey-Waldo/256/notwaldo/21_3_2.jpg,train/images/Hey-Waldo-negative_0092.jpg,0
train,Hey-Waldo-negative,page:21,page:21,data/raw/Hey-Waldo/256/notwaldo/21_3_3.jpg,train/images/Hey-Waldo-negative_0093.jpg,0
train,Hey-Waldo-negative,page:2,page:2,data/raw/Hey-Waldo/256/notwaldo/2_0_0.jpg,train/images/Hey-Waldo-negative_0094.jpg,0
train,Hey-Waldo-negative,page:2,page:2,data/raw/Hey-Waldo/256/notwaldo/2_0_2.jpg,train/images/Hey-Waldo-negative_0095.jpg,0
train,Hey-Waldo-negative,page:2,page:2,data/raw/Hey-Waldo/256/notwaldo/2_0_3.jpg,train/images/Hey-Waldo-negative_0096.jpg,0
train,Hey-Waldo-negative,page:2,page:2,data/raw/Hey-Waldo/256/notwaldo/2_1_1.jpg,train/images/Hey-Waldo-negative_0097.jpg,0
train,Hey-Waldo-negative,page:2,page:2,data/raw/Hey-Waldo/256/notwaldo/2_1_3.jpg,train/images/Hey-Waldo-negative_0098.jpg,0
train,Hey-Waldo-negative,page:2,page:2,data/raw/Hey-Waldo/256/notwaldo/2_2_0.jpg,train/images/Hey-Waldo-negative_0099.jpg,0
train,Hey-Waldo-negative,page:2,page:2,data/raw/Hey-Waldo/256/notwaldo/2_2_1.jpg,train/images/Hey-Waldo-negative_0100.jpg,0
train,Hey-Waldo-negative,page:2,page:2,data/raw/Hey-Waldo/256/notwaldo/2_2_2.jpg,train/images/Hey-Waldo-negative_0101.jpg,0
train,Hey-Waldo-negative,page:2,page:2,data/raw/Hey-Waldo/256/notwaldo/2_2_3.jpg,train/images/Hey-Waldo-negative_0102.jpg,0
train,Hey-Waldo-negative,page:2,page:2,data/raw/Hey-Waldo/256/notwaldo/2_3_0.jpg,train/images/Hey-Waldo-negative_0103.jpg,0
train,Hey-Waldo-negative,page:2,page:2,data/raw/Hey-Waldo/256/notwaldo/2_3_1.jpg,train/images/Hey-Waldo-negative_0104.jpg,0
train,Hey-Waldo-negative,page:2,page:2,data/raw/Hey-Waldo/256/notwaldo/2_3_2.jpg,train/images/Hey-Waldo-negative_0105.jpg,0
train,Hey-Waldo-negative,page:2,page:2,data/raw/Hey-Waldo/256/notwaldo/2_3_3.jpg,train/images/Hey-Waldo-negative_0106.jpg,0
train,Hey-Waldo-negative,page:3,page:3,data/raw/Hey-Waldo/256/notwaldo/3_0_0.jpg,train/images/Hey-Waldo-negative_0107.jpg,0
train,Hey-Waldo-negative,page:3,page:3,data/raw/Hey-Waldo/256/notwaldo/3_0_1.jpg,train/images/Hey-Waldo-negative_0108.jpg,0
train,Hey-Waldo-negative,page:3,page:3,data/raw/Hey-Waldo/256/notwaldo/3_0_2.jpg,train/images/Hey-Waldo-negative_0109.jpg,0
train,Hey-Waldo-negative,page:3,page:3,data/raw/Hey-Waldo/256/notwaldo/3_0_3.jpg,train/images/Hey-Waldo-negative_0110.jpg,0
train,Hey-Waldo-negative,page:3,page:3,data/raw/Hey-Waldo/256/notwaldo/3_1_0.jpg,train/images/Hey-Waldo-negative_0111.jpg,0
train,Hey-Waldo-negative,page:3,page:3,data/raw/Hey-Waldo/256/notwaldo/3_1_1.jpg,train/images/Hey-Waldo-negative_0112.jpg,0
train,Hey-Waldo-negative,page:3,page:3,data/raw/Hey-Waldo/256/notwaldo/3_1_2.jpg,train/images/Hey-Waldo-negative_0113.jpg,0
train,Hey-Waldo-negative,page:3,page:3,data/raw/Hey-Waldo/256/notwaldo/3_1_3.jpg,train/images/Hey-Waldo-negative_0114.jpg,0
train,Hey-Waldo-negative,page:3,page:3,data/raw/Hey-Waldo/256/notwaldo/3_2_0.jpg,train/images/Hey-Waldo-negative_0115.jpg,0
train,Hey-Waldo-negative,page:3,page:3,data/raw/Hey-Waldo/256/notwaldo/3_2_1.jpg,train/images/Hey-Waldo-negative_0116.jpg,0
train,Hey-Waldo-negative,page:3,page:3,data/raw/Hey-Waldo/256/notwaldo/3_2_2.jpg,train/images/Hey-Waldo-negative_0117.jpg,0
train,Hey-Waldo-negative,page:3,page:3,data/raw/Hey-Waldo/256/notwaldo/3_2_3.jpg,train/images/Hey-Waldo-negative_0118.jpg,0
train,Hey-Waldo-negative,page:3,page:3,data/raw/Hey-Waldo/256/notwaldo/3_3_2.jpg,train/images/Hey-Waldo-negative_0119.jpg,0
train,Hey-Waldo-negative,page:3,page:3,data/raw/Hey-Waldo/256/notwaldo/3_3_3.jpg,train/images/Hey-Waldo-negative_0120.jpg,0
train,Hey-Waldo-negative,page:4,page:4,data/raw/Hey-Waldo/256/notwaldo/4_0_0.jpg,train/images/Hey-Waldo-negative_0121.jpg,0
train,Hey-Waldo-negative,page:4,page:4,data/raw/Hey-Waldo/256/notwaldo/4_0_1.jpg,train/images/Hey-Waldo-negative_0122.jpg,0
train,Hey-Waldo-negative,page:4,page:4,data/raw/Hey-Waldo/256/notwaldo/4_1_0.jpg,train/images/Hey-Waldo-negative_0123.jpg,0
train,Hey-Waldo-negative,page:4,page:4,data/raw/Hey-Waldo/256/notwaldo/4_1_1.jpg,train/images/Hey-Waldo-negative_0124.jpg,0
train,Hey-Waldo-negative,page:4,page:4,data/raw/Hey-Waldo/256/notwaldo/4_1_2.jpg,train/images/Hey-Waldo-negative_0125.jpg,0
train,Hey-Waldo-negative,page:4,page:4,data/raw/Hey-Waldo/256/notwaldo/4_1_3.jpg,train/images/Hey-Waldo-negative_0126.jpg,0
train,Hey-Waldo-negative,page:4,page:4,data/raw/Hey-Waldo/256/notwaldo/4_2_0.jpg,train/images/Hey-Waldo-negative_0127.jpg,0
train,Hey-Waldo-negative,page:4,page:4,data/raw/Hey-Waldo/256/notwaldo/4_2_1.jpg,train/images/Hey-Waldo-negative_0128.jpg,0
train,Hey-Waldo-negative,page:4,page:4,data/raw/Hey-Waldo/256/notwaldo/4_2_2.jpg,train/images/Hey-Waldo-negative_0129.jpg,0
train,Hey-Waldo-negative,page:4,page:4,data/raw/Hey-Waldo/256/notwaldo/4_2_3.jpg,train/images/Hey-Waldo-negative_0130.jpg,0
train,Hey-Waldo-negative,page:4,page:4,data/raw/Hey-Waldo/256/notwaldo/4_3_0.jpg,train/images/Hey-Waldo-negative_0131.jpg,0
train,Hey-Waldo-negative,page:4,page:4,data/raw/Hey-Waldo/256/notwaldo/4_3_1.jpg,train/images/Hey-Waldo-negative_0132.jpg,0
train,Hey-Waldo-negative,page:4,page:4,data/raw/Hey-Waldo/256/notwaldo/4_3_3.jpg,train/images/Hey-Waldo-negative_0133.jpg,0
train,Hey-Waldo-negative,page:5,page:2,data/raw/Hey-Waldo/256/notwaldo/5_0_0.jpg,train/images/Hey-Waldo-negative_0134.jpg,0
train,Hey-Waldo-negative,page:5,page:2,data/raw/Hey-Waldo/256/notwaldo/5_0_2.jpg,train/images/Hey-Waldo-negative_0135.jpg,0
train,Hey-Waldo-negative,page:5,page:2,data/raw/Hey-Waldo/256/notwaldo/5_0_3.jpg,train/images/Hey-Waldo-negative_0136.jpg,0
train,Hey-Waldo-negative,page:5,page:2,data/raw/Hey-Waldo/256/notwaldo/5_1_2.jpg,train/images/Hey-Waldo-negative_0137.jpg,0
train,Hey-Waldo-negative,page:5,page:2,data/raw/Hey-Waldo/256/notwaldo/5_1_3.jpg,train/images/Hey-Waldo-negative_0138.jpg,0
train,Hey-Waldo-negative,page:5,page:2,data/raw/Hey-Waldo/256/notwaldo/5_2_0.jpg,train/images/Hey-Waldo-negative_0139.jpg,0
train,Hey-Waldo-negative,page:5,page:2,data/raw/Hey-Waldo/256/notwaldo/5_2_1.jpg,train/images/Hey-Waldo-negative_0140.jpg,0
train,Hey-Waldo-negative,page:5,page:2,data/raw/Hey-Waldo/256/notwaldo/5_2_2.jpg,train/images/Hey-Waldo-negative_0141.jpg,0
train,Hey-Waldo-negative,page:5,page:2,data/raw/Hey-Waldo/256/notwaldo/5_2_3.jpg,train/images/Hey-Waldo-negative_0142.jpg,0
train,Hey-Waldo-negative,page:5,page:2,data/raw/Hey-Waldo/256/notwaldo/5_3_0.jpg,train/images/Hey-Waldo-negative_0143.jpg,0
train,Hey-Waldo-negative,page:5,page:2,data/raw/Hey-Waldo/256/notwaldo/5_3_1.jpg,train/images/Hey-Waldo-negative_0144.jpg,0
train,Hey-Waldo-negative,page:5,page:2,data/raw/Hey-Waldo/256/notwaldo/5_3_2.jpg,train/images/Hey-Waldo-negative_0145.jpg,0
train,Hey-Waldo-negative,page:5,page:2,data/raw/Hey-Waldo/256/notwaldo/5_3_3.jpg,train/images/Hey-Waldo-negative_0146.jpg,0
train,Hey-Waldo-negative,page:6,page:3,data/raw/Hey-Waldo/256/notwaldo/6_0_0.jpg,train/images/Hey-Waldo-negative_0147.jpg,0
train,Hey-Waldo-negative,page:6,page:3,data/raw/Hey-Waldo/256/notwaldo/6_0_1.jpg,train/images/Hey-Waldo-negative_0148.jpg,0
train,Hey-Waldo-negative,page:6,page:3,data/raw/Hey-Waldo/256/notwaldo/6_0_2.jpg,train/images/Hey-Waldo-negative_0149.jpg,0
train,Hey-Waldo-negative,page:6,page:3,data/raw/Hey-Waldo/256/notwaldo/6_0_3.jpg,train/images/Hey-Waldo-negative_0150.jpg,0
train,Hey-Waldo-negative,page:6,page:3,data/raw/Hey-Waldo/256/notwaldo/6_1_0.jpg,train/images/Hey-Waldo-negative_0151.jpg,0
train,Hey-Waldo-negative,page:6,page:3,data/raw/Hey-Waldo/256/notwaldo/6_1_1.jpg,train/images/Hey-Waldo-negative_0152.jpg,0
train,Hey-Waldo-negative,page:6,page:3,data/raw/Hey-Waldo/256/notwaldo/6_1_2.jpg,train/images/Hey-Waldo-negative_0153.jpg,0
train,Hey-Waldo-negative,page:6,page:3,data/raw/Hey-Waldo/256/notwaldo/6_2_0.jpg,train/images/Hey-Waldo-negative_0154.jpg,0
train,Hey-Waldo-negative,page:6,page:3,data/raw/Hey-Waldo/256/notwaldo/6_2_1.jpg,train/images/Hey-Waldo-negative_0155.jpg,0
train,Hey-Waldo-negative,page:6,page:3,data/raw/Hey-Waldo/256/notwaldo/6_2_2.jpg,train/images/Hey-Waldo-negative_0156.jpg,0
train,Hey-Waldo-negative,page:6,page:3,data/raw/Hey-Waldo/256/notwaldo/6_2_3.jpg,train/images/Hey-Waldo-negative_0157.jpg,0
train,Hey-Waldo-negative,page:6,page:3,data/raw/Hey-Waldo/256/notwaldo/6_3_1.jpg,train/images/Hey-Waldo-negative_0158.jpg,0
train,Hey-Waldo-negative,page:6,page:3,data/raw/Hey-Waldo/256/notwaldo/6_3_2.jpg,train/images/Hey-Waldo-negative_0159.jpg,0
train,Hey-Waldo-negative,page:6,page:3,data/raw/Hey-Waldo/256/notwaldo/6_3_3.jpg,train/images/Hey-Waldo-negative_0160.jpg,0
train,Hey-Waldo-negative,page:7,page:7,data/raw/Hey-Waldo/256/notwaldo/7_0_0.jpg,train/images/Hey-Waldo-negative_0161.jpg,0
train,Hey-Waldo-negative,page:7,page:7,data/raw/Hey-Waldo/256/notwaldo/7_0_1.jpg,train/images/Hey-Waldo-negative_0162.jpg,0
train,Hey-Waldo-negative,page:7,page:7,data/raw/Hey-Waldo/256/notwaldo/7_0_2.jpg,train/images/Hey-Waldo-negative_0163.jpg,0
train,Hey-Waldo-negative,page:7,page:7,data/raw/Hey-Waldo/256/notwaldo/7_0_3.jpg,train/images/Hey-Waldo-negative_0164.jpg,0
train,Hey-Waldo-negative,page:7,page:7,data/raw/Hey-Waldo/256/notwaldo/7_1_0.jpg,train/images/Hey-Waldo-negative_0165.jpg,0
train,Hey-Waldo-negative,page:7,page:7,data/raw/Hey-Waldo/256/notwaldo/7_1_2.jpg,train/images/Hey-Waldo-negative_0166.jpg,0
train,Hey-Waldo-negative,page:7,page:7,data/raw/Hey-Waldo/256/notwaldo/7_1_3.jpg,train/images/Hey-Waldo-negative_0167.jpg,0
train,Hey-Waldo-negative,page:7,page:7,data/raw/Hey-Waldo/256/notwaldo/7_2_0.jpg,train/images/Hey-Waldo-negative_0168.jpg,0
train,Hey-Waldo-negative,page:7,page:7,data/raw/Hey-Waldo/256/notwaldo/7_2_1.jpg,train/images/Hey-Waldo-negative_0169.jpg,0
train,Hey-Waldo-negative,page:7,page:7,data/raw/Hey-Waldo/256/notwaldo/7_2_2.jpg,train/images/Hey-Waldo-negative_0170.jpg,0
train,Hey-Waldo-negative,page:7,page:7,data/raw/Hey-Waldo/256/notwaldo/7_2_3.jpg,train/images/Hey-Waldo-negative_0171.jpg,0
train,Hey-Waldo-negative,page:7,page:7,data/raw/Hey-Waldo/256/notwaldo/7_3_0.jpg,train/images/Hey-Waldo-negative_0172.jpg,0
train,Hey-Waldo-negative,page:7,page:7,data/raw/Hey-Waldo/256/notwaldo/7_3_2.jpg,train/images/Hey-Waldo-negative_0173.jpg,0
train,Hey-Waldo-negative,page:7,page:7,data/raw/Hey-Waldo/256/notwaldo/7_3_3.jpg,train/images/Hey-Waldo-negative_0174.jpg,0
val,Hey-Waldo-negative,page:8,page:8,data/raw/Hey-Waldo/256/notwaldo/8_0_0.jpg,val/images/Hey-Waldo-negative_0028.jpg,0
val,Hey-Waldo-negative,page:8,page:8,data/raw/Hey-Waldo/256/notwaldo/8_0_1.jpg,val/images/Hey-Waldo-negative_0029.jpg,0
val,Hey-Waldo-negative,page:8,page:8,data/raw/Hey-Waldo/256/notwaldo/8_0_2.jpg,val/images/Hey-Waldo-negative_0030.jpg,0
val,Hey-Waldo-negative,page:8,page:8,data/raw/Hey-Waldo/256/notwaldo/8_0_3.jpg,val/images/Hey-Waldo-negative_0031.jpg,0
val,Hey-Waldo-negative,page:8,page:8,data/raw/Hey-Waldo/256/notwaldo/8_1_0.jpg,val/images/Hey-Waldo-negative_0032.jpg,0
val,Hey-Waldo-negative,page:8,page:8,data/raw/Hey-Waldo/256/notwaldo/8_1_1.jpg,val/images/Hey-Waldo-negative_0033.jpg,0
val,Hey-Waldo-negative,page:8,page:8,data/raw/Hey-Waldo/256/notwaldo/8_1_2.jpg,val/images/Hey-Waldo-negative_0034.jpg,0
val,Hey-Waldo-negative,page:8,page:8,data/raw/Hey-Waldo/256/notwaldo/8_1_3.jpg,val/images/Hey-Waldo-negative_0035.jpg,0
val,Hey-Waldo-negative,page:8,page:8,data/raw/Hey-Waldo/256/notwaldo/8_2_0.jpg,val/images/Hey-Waldo-negative_0036.jpg,0
val,Hey-Waldo-negative,page:8,page:8,data/raw/Hey-Waldo/256/notwaldo/8_2_1.jpg,val/images/Hey-Waldo-negative_0037.jpg,0
val,Hey-Waldo-negative,page:8,page:8,data/raw/Hey-Waldo/256/notwaldo/8_2_2.jpg,val/images/Hey-Waldo-negative_0038.jpg,0
val,Hey-Waldo-negative,page:8,page:8,data/raw/Hey-Waldo/256/notwaldo/8_2_3.jpg,val/images/Hey-Waldo-negative_0039.jpg,0
val,Hey-Waldo-negative,page:8,page:8,data/raw/Hey-Waldo/256/notwaldo/8_3_0.jpg,val/images/Hey-Waldo-negative_0040.jpg,0
val,Hey-Waldo-negative,page:8,page:8,data/raw/Hey-Waldo/256/notwaldo/8_3_2.jpg,val/images/Hey-Waldo-negative_0041.jpg,0
val,Hey-Waldo-negative,page:8,page:8,data/raw/Hey-Waldo/256/notwaldo/8_3_3.jpg,val/images/Hey-Waldo-negative_0042.jpg,0
val,Hey-Waldo-negative,page:9,page:9,data/raw/Hey-Waldo/256/notwaldo/9_0_0.jpg,val/images/Hey-Waldo-negative_0043.jpg,0
val,Hey-Waldo-negative,page:9,page:9,data/raw/Hey-Waldo/256/notwaldo/9_0_1.jpg,val/images/Hey-Waldo-negative_0044.jpg,0
val,Hey-Waldo-negative,page:9,page:9,data/raw/Hey-Waldo/256/notwaldo/9_1_0.jpg,val/images/Hey-Waldo-negative_0045.jpg,0
val,Hey-Waldo-negative,page:9,page:9,data/raw/Hey-Waldo/256/notwaldo/9_1_2.jpg,val/images/Hey-Waldo-negative_0046.jpg,0
val,Hey-Waldo-negative,page:9,page:9,data/raw/Hey-Waldo/256/notwaldo/9_1_3.jpg,val/images/Hey-Waldo-negative_0047.jpg,0
val,Hey-Waldo-negative,page:9,page:9,data/raw/Hey-Waldo/256/notwaldo/9_2_0.jpg,val/images/Hey-Waldo-negative_0048.jpg,0
val,Hey-Waldo-negative,page:9,page:9,data/raw/Hey-Waldo/256/notwaldo/9_2_2.jpg,val/images/Hey-Waldo-negative_0049.jpg,0
val,Hey-Waldo-negative,page:9,page:9,data/raw/Hey-Waldo/256/notwaldo/9_2_3.jpg,val/images/Hey-Waldo-negative_0050.jpg,0
val,Hey-Waldo-negative,page:9,page:9,data/raw/Hey-Waldo/256/notwaldo/9_3_0.jpg,val/images/Hey-Waldo-negative_0051.jpg,0
val,Hey-Waldo-negative,page:9,page:9,data/raw/Hey-Waldo/256/notwaldo/9_3_1.jpg,val/images/Hey-Waldo-negative_0052.jpg,0
val,Hey-Waldo-negative,page:9,page:9,data/raw/Hey-Waldo/256/notwaldo/9_3_2.jpg,val/images/Hey-Waldo-negative_0053.jpg,0
val,Hey-Waldo-negative,page:9,page:9,data/raw/Hey-Waldo/256/notwaldo/9_3_3.jpg,val/images/Hey-Waldo-negative_0054.jpg,0
